2026-01-24 15:47:50,922 [INFO] Activator:176 - 


2026-01-24 15:47:50,922 [INFO] Activator:177 - !SESSION log4j initialized
2026-01-24 15:47:53,145 [INFO] LogOutputStream:77 - [STDOUT_REDIRECT] 
2026-01-24 15:47:57,898 [INFO] ApplicationProperties:184 - Using Application install path: C:\ST\STM32CubeIDE_1.19.0\STM32CubeIDE\plugins\com.st.stm32cube.common.mx_6.15.0.202507011659
2026-01-24 15:47:57,925 [INFO] DbMcusXml:78 - Set database path to: C:\ST\STM32CubeIDE_1.19.0\STM32CubeIDE\plugins\com.st.stm32cube.common.mx_6.15.0.202507011659\\db\/mcu/
2026-01-24 15:47:57,925 [INFO] ApiDb:274 - Set plugin database path to: C:\ST\STM32CubeIDE_1.19.0\STM32CubeIDE\plugins\com.st.stm32cube.common.mx_6.15.0.202507011659\\db\/plugins/boardmanager/
2026-01-24 15:47:57,926 [WARN] ApiDb:259 - Overriding images path with different value:  => C:\ST\STM32CubeIDE_1.19.0\STM32CubeIDE\plugins\com.st.stm32cube.common.mx_6.15.0.202507011659\\db\/plugins/mcufinder/images/
2026-01-24 15:47:57,937 [INFO] ApiDb:250 - Set database path to: C:\Users\melod\.stmcufinder\plugins\mcufinder//mcu/
2026-01-24 15:47:57,939 [INFO] DbMcusAds:125 - Set database path to: C:\Users\melod\.stmcufinder\plugins\mcufinder//mcu/
2026-01-24 15:47:57,942 [INFO] CrossReferenceDbSqlite:203 - Set database path to: C:\Users\melod\.stmcufinder\plugins\mcufinder//mcu/cs/
2026-01-24 15:47:58,102 [INFO] RulesReader:64 - Compatibility file has been processed (317 Rules)
2026-01-24 15:47:58,187 [INFO] DbMcusXml:78 - Set database path to: C:\ST\STM32CubeIDE_1.19.0\STM32CubeIDE\plugins\com.st.stm32cube.common.mx_6.15.0.202507011659\\db\/mcu/
2026-01-24 15:47:58,187 [INFO] ApiDb:274 - Set plugin database path to: C:\ST\STM32CubeIDE_1.19.0\STM32CubeIDE\plugins\com.st.stm32cube.common.mx_6.15.0.202507011659\\db\/plugins/boardmanager/
2026-01-24 15:47:58,187 [INFO] ApiDb:261 - Set plugin images path to: C:\ST\STM32CubeIDE_1.19.0\STM32CubeIDE\plugins\com.st.stm32cube.common.mx_6.15.0.202507011659\\db\/plugins/mcufinder/images/
2026-01-24 15:47:58,187 [WARN] DbFile:41 - Overriding database path with different value: C:\Users\melod\.stmcufinder\plugins\mcufinder/ => C:\Users\melod\.stmcufinder\plugins\mcufinder
2026-01-24 15:47:58,187 [INFO] ApiDb:250 - Set database path to: C:\Users\melod\.stmcufinder\plugins\mcufinder//mcu/
2026-01-24 15:47:58,187 [WARN] DbFile:41 - Overriding database path with different value: C:\Users\melod\.stmcufinder\plugins\mcufinder/ => C:\Users\melod\.stmcufinder\plugins\mcufinder
2026-01-24 15:47:58,187 [INFO] DbMcusAds:125 - Set database path to: C:\Users\melod\.stmcufinder\plugins\mcufinder//mcu/
2026-01-24 15:47:58,187 [WARN] DbFile:41 - Overriding database path with different value: C:\Users\melod\.stmcufinder\plugins\mcufinder/ => C:\Users\melod\.stmcufinder\plugins\mcufinder
2026-01-24 15:47:58,189 [WARN] DbFile:41 - Overriding database path with different value: C:\Users\melod\.stmcufinder\plugins\mcufinder/ => C:\Users\melod\.stmcufinder\plugins\mcufinder
2026-01-24 15:47:58,189 [INFO] CrossReferenceDbSqlite:203 - Set database path to: C:\Users\melod\.stmcufinder\plugins\mcufinder//mcu/cs/
2026-01-24 15:47:58,264 [INFO] MainPanel:274 - HeapMemory: 268435456
2026-01-24 15:47:58,367 [INFO] DbMcusXml:78 - Set database path to: C:\ST\STM32CubeIDE_1.19.0\STM32CubeIDE\plugins\com.st.stm32cube.common.mx_6.15.0.202507011659\\db\/mcu/
2026-01-24 15:47:58,367 [INFO] ApiDb:274 - Set plugin database path to: C:\ST\STM32CubeIDE_1.19.0\STM32CubeIDE\plugins\com.st.stm32cube.common.mx_6.15.0.202507011659\\db\/plugins/boardmanager/
2026-01-24 15:47:58,367 [INFO] ApiDb:261 - Set plugin images path to: C:\ST\STM32CubeIDE_1.19.0\STM32CubeIDE\plugins\com.st.stm32cube.common.mx_6.15.0.202507011659\\db\/plugins/mcufinder/images/
2026-01-24 15:47:58,367 [WARN] DbFile:41 - Overriding database path with different value: C:\Users\melod\.stmcufinder\plugins\mcufinder/ => C:\Users\melod\.stmcufinder\plugins\mcufinder
2026-01-24 15:47:58,367 [INFO] ApiDb:250 - Set database path to: C:\Users\melod\.stmcufinder\plugins\mcufinder//mcu/
2026-01-24 15:47:58,367 [WARN] DbFile:41 - Overriding database path with different value: C:\Users\melod\.stmcufinder\plugins\mcufinder/ => C:\Users\melod\.stmcufinder\plugins\mcufinder
2026-01-24 15:47:58,367 [INFO] DbMcusAds:125 - Set database path to: C:\Users\melod\.stmcufinder\plugins\mcufinder//mcu/
2026-01-24 15:47:58,367 [WARN] DbFile:41 - Overriding database path with different value: C:\Users\melod\.stmcufinder\plugins\mcufinder/ => C:\Users\melod\.stmcufinder\plugins\mcufinder
2026-01-24 15:47:58,367 [WARN] DbFile:41 - Overriding database path with different value: C:\Users\melod\.stmcufinder\plugins\mcufinder/ => C:\Users\melod\.stmcufinder\plugins\mcufinder
2026-01-24 15:47:58,368 [INFO] CrossReferenceDbSqlite:203 - Set database path to: C:\Users\melod\.stmcufinder\plugins\mcufinder//mcu/cs/
2026-01-24 15:47:58,387 [INFO] ApplicationProperties:184 - Using Application install path: C:\ST\STM32CubeIDE_1.19.0\STM32CubeIDE\plugins\com.st.stm32cube.common.mx_6.15.0.202507011659
2026-01-24 15:47:58,390 [INFO] PluginManage:196 - Search for loadable plugins [exclusion list=, ]
2026-01-24 15:47:58,391 [INFO] PluginManage:310 - Check plugin analytics
2026-01-24 15:47:58,607 [INFO] AnalyticsPlugin:253 - Accepted Software Licenses: STM32CubeMX.6.15.0
2026-01-24 15:47:58,607 [INFO] AnalyticsPlugin:255 - Accepted CMSIS Pack Licenses: 
2026-01-24 15:47:58,608 [INFO] AnalyticsPlugin:257 - Accepted Firmware Licenses: FW.WB.1.23.0,FW.F4.1.28.0,FW.C0.1.4.0
2026-01-24 15:47:58,612 [INFO] PluginManage:359 - Loaded plugin analytics (category:tool,tabindex:-1)
2026-01-24 15:47:58,612 [INFO] PluginManage:310 - Check plugin cadmodel
2026-01-24 15:47:58,617 [INFO] CADModel:105 - Init CAD model plugin
2026-01-24 15:47:58,617 [INFO] PluginManage:359 - Loaded plugin cadmodel (category:power,tabindex:5)
2026-01-24 15:47:58,617 [INFO] PluginManage:310 - Check plugin clock
2026-01-24 15:47:58,631 [INFO] PluginManage:359 - Loaded plugin clock (category:base,tabindex:2)
2026-01-24 15:47:58,631 [INFO] PluginManage:310 - Check plugin ddr
2026-01-24 15:47:58,635 [INFO] PluginManage:359 - Loaded plugin ddr (category:tool,tabindex:6)
2026-01-24 15:47:58,635 [INFO] PluginManage:310 - Check plugin filemanager
2026-01-24 15:47:58,801 [INFO] PluginManage:359 - Loaded plugin filemanager (category:base,tabindex:10)
2026-01-24 15:47:58,801 [INFO] PluginManage:310 - Check plugin ipmanager
2026-01-24 15:47:58,811 [INFO] PluginManage:359 - Loaded plugin ipmanager (category:base,tabindex:5)
2026-01-24 15:47:58,811 [INFO] PluginManage:310 - Check plugin lpbam
2026-01-24 15:47:58,821 [INFO] PluginManage:359 - Loaded plugin lpbam (category:base,tabindex:0)
2026-01-24 15:47:58,821 [INFO] PluginManage:310 - Check plugin memorymap
2026-01-24 15:47:58,838 [INFO] PluginManage:359 - Loaded plugin memorymap (category:base,tabindex:4)
2026-01-24 15:47:58,838 [INFO] PluginManage:310 - Check plugin pinoutandconfiguration
2026-01-24 15:47:58,846 [INFO] PluginManage:359 - Loaded plugin pinoutandconfiguration (category:base,tabindex:1)
2026-01-24 15:47:58,846 [INFO] PluginManage:310 - Check plugin pinoutconfig
2026-01-24 15:47:58,958 [WARN] SupportedApi:132 - Cannot load RTOS API schema: s4s-elt-must-match.1: The content of 'definitions' must match (annotation?, (simpleType | complexType)?, (unique | key | keyref)*)). A problem was found starting at: attribute.
2026-01-24 15:47:59,131 [INFO] PluginManage:359 - Loaded plugin pinoutconfig (category:base,tabindex:0)
2026-01-24 15:47:59,131 [INFO] PluginManage:310 - Check plugin power
2026-01-24 15:47:59,140 [INFO] PluginManage:359 - Loaded plugin power (category:power,tabindex:4)
2026-01-24 15:47:59,140 [INFO] PluginManage:310 - Check plugin projectmanager
2026-01-24 15:47:59,159 [INFO] PluginManage:359 - Loaded plugin projectmanager (category:projectmanager,tabindex:4)
2026-01-24 15:47:59,160 [INFO] PluginManage:310 - Check plugin rif
2026-01-24 15:47:59,170 [INFO] PluginManage:359 - Loaded plugin rif (category:base,tabindex:3)
2026-01-24 15:47:59,171 [INFO] PluginManage:310 - Check plugin thirdparty
2026-01-24 15:47:59,312 [INFO] PluginManage:359 - Loaded plugin thirdparty (category:base,tabindex:-1)
2026-01-24 15:47:59,312 [WARN] IntegrityCheckThread:84 - waiting for thirdparty lock release [integrity check]
2026-01-24 15:47:59,313 [INFO] IntegrityCheckThread:86 - entering critical section [integrity check]
2026-01-24 15:47:59,313 [INFO] PluginManage:310 - Check plugin tools
2026-01-24 15:47:59,313 [INFO] ThirdPartyUpdaterWithRetryManager:70 - Updater plugin not ready yet. [1/15]
2026-01-24 15:47:59,316 [INFO] PluginManage:359 - Loaded plugin tools (category:base,tabindex:7)
2026-01-24 15:47:59,316 [INFO] PluginManage:310 - Check plugin tutovideos
2026-01-24 15:47:59,528 [INFO] PluginManage:359 - Loaded plugin tutovideos (category:base,tabindex:-1)
2026-01-24 15:47:59,528 [INFO] PluginManage:310 - Check plugin updater
2026-01-24 15:47:59,550 [INFO] PluginManage:359 - Loaded plugin updater (category:base,tabindex:12)
2026-01-24 15:47:59,550 [INFO] PluginManage:310 - Check plugin userauth
2026-01-24 15:47:59,554 [INFO] UserAuth:118 - Init User Auth plugin
2026-01-24 15:47:59,555 [INFO] PluginManage:359 - Loaded plugin userauth (category:base,tabindex:14)
2026-01-24 15:47:59,555 [INFO] PluginManage:283 - PluginManage : Loaded plugins [18]
2026-01-24 15:47:59,835 [INFO] PinOutPanel:1589 - setPackage(No Configuration,No Configuration)
2026-01-24 15:47:59,921 [INFO] CADModel:165 - CPN selected for project level
2026-01-24 15:47:59,922 [INFO] CADModel:114 - Register for checkConnection events
2026-01-24 15:47:59,939 [INFO] IPUIPlugin:80 - create IPUIPlugin
2026-01-24 15:47:59,941 [INFO] PluginManager:220 - loadIPPluginJar : add adc
2026-01-24 15:47:59,944 [INFO] IPUIPlugin:80 - create IPUIPlugin
2026-01-24 15:47:59,944 [INFO] PluginManager:220 - loadIPPluginJar : add aes
2026-01-24 15:47:59,948 [INFO] IPUIPlugin:80 - create IPUIPlugin
2026-01-24 15:47:59,948 [INFO] PluginManager:220 - loadIPPluginJar : add can
2026-01-24 15:47:59,951 [INFO] IPUIPlugin:80 - create IPUIPlugin
2026-01-24 15:47:59,951 [INFO] PluginManager:220 - loadIPPluginJar : add comp
2026-01-24 15:47:59,953 [INFO] IPUIPlugin:80 - create IPUIPlugin
2026-01-24 15:47:59,954 [INFO] PluginManager:220 - loadIPPluginJar : add cryp
2026-01-24 15:47:59,956 [INFO] IPUIPlugin:80 - create IPUIPlugin
2026-01-24 15:47:59,956 [INFO] PluginManager:220 - loadIPPluginJar : add ddr_ctrl_phy
2026-01-24 15:47:59,959 [INFO] IPUIPlugin:80 - create IPUIPlugin
2026-01-24 15:47:59,959 [INFO] PluginManager:220 - loadIPPluginJar : add dfsdm
2026-01-24 15:47:59,965 [INFO] IPUIPlugin:80 - create IPUIPlugin
2026-01-24 15:47:59,966 [INFO] PluginManager:220 - loadIPPluginJar : add dma
2026-01-24 15:47:59,968 [INFO] IPUIPlugin:80 - create IPUIPlugin
2026-01-24 15:47:59,968 [INFO] PluginManager:220 - loadIPPluginJar : add dma3
2026-01-24 15:47:59,971 [INFO] IPUIPlugin:80 - create IPUIPlugin
2026-01-24 15:47:59,971 [INFO] PluginManager:220 - loadIPPluginJar : add extmemmanager
2026-01-24 15:47:59,972 [INFO] IPUIPlugin:80 - create IPUIPlugin
2026-01-24 15:47:59,973 [INFO] PluginManager:220 - loadIPPluginJar : add fatfs
2026-01-24 15:47:59,977 [INFO] IPUIPlugin:80 - create IPUIPlugin
2026-01-24 15:47:59,977 [INFO] PluginManager:220 - loadIPPluginJar : add fmc
2026-01-24 15:47:59,981 [INFO] IPUIPlugin:80 - create IPUIPlugin
2026-01-24 15:47:59,981 [INFO] PluginManager:220 - loadIPPluginJar : add freertos
2026-01-24 15:47:59,982 [INFO] IPUIPlugin:80 - create IPUIPlugin
2026-01-24 15:47:59,982 [INFO] PluginManager:220 - loadIPPluginJar : add genericplugin
2026-01-24 15:47:59,985 [INFO] IPUIPlugin:80 - create IPUIPlugin
2026-01-24 15:47:59,985 [INFO] PluginManager:220 - loadIPPluginJar : add gfxmmu
2026-01-24 15:47:59,990 [INFO] IPUIPlugin:80 - create IPUIPlugin
2026-01-24 15:47:59,991 [INFO] PluginManager:220 - loadIPPluginJar : add gic
2026-01-24 15:47:59,996 [INFO] IPUIPlugin:80 - create IPUIPlugin
2026-01-24 15:47:59,996 [INFO] PluginManager:220 - loadIPPluginJar : add gpio
2026-01-24 15:47:59,998 [INFO] IPUIPlugin:80 - create IPUIPlugin
2026-01-24 15:47:59,998 [INFO] PluginManager:220 - loadIPPluginJar : add gtzc
2026-01-24 15:48:00,001 [INFO] IPUIPlugin:80 - create IPUIPlugin
2026-01-24 15:48:00,002 [INFO] PluginManager:220 - loadIPPluginJar : add hash
2026-01-24 15:48:00,005 [INFO] IPUIPlugin:80 - create IPUIPlugin
2026-01-24 15:48:00,006 [INFO] PluginManager:220 - loadIPPluginJar : add i2c
2026-01-24 15:48:00,009 [INFO] IPUIPlugin:80 - create IPUIPlugin
2026-01-24 15:48:00,009 [INFO] PluginManager:220 - loadIPPluginJar : add i2s
2026-01-24 15:48:00,013 [INFO] IPUIPlugin:80 - create IPUIPlugin
2026-01-24 15:48:00,013 [INFO] PluginManager:220 - loadIPPluginJar : add i3c
2026-01-24 15:48:00,016 [INFO] IPUIPlugin:80 - create IPUIPlugin
2026-01-24 15:48:00,017 [INFO] PluginManager:220 - loadIPPluginJar : add ipddr
2026-01-24 15:48:00,023 [INFO] IPUIPlugin:80 - create IPUIPlugin
2026-01-24 15:48:00,023 [INFO] PluginManager:220 - loadIPPluginJar : add linkedlist
2026-01-24 15:48:00,026 [INFO] IPUIPlugin:80 - create IPUIPlugin
2026-01-24 15:48:00,026 [INFO] PluginManager:220 - loadIPPluginJar : add lorawan
2026-01-24 15:48:00,028 [INFO] IPUIPlugin:80 - create IPUIPlugin
2026-01-24 15:48:00,028 [INFO] PluginManager:220 - loadIPPluginJar : add ltdc
2026-01-24 15:48:00,034 [INFO] IPUIPlugin:80 - create IPUIPlugin
2026-01-24 15:48:00,034 [INFO] PluginManager:220 - loadIPPluginJar : add mdma
2026-01-24 15:48:00,038 [INFO] IPUIPlugin:80 - create IPUIPlugin
2026-01-24 15:48:00,039 [INFO] PluginManager:220 - loadIPPluginJar : add nvic
2026-01-24 15:48:00,042 [INFO] IPUIPlugin:80 - create IPUIPlugin
2026-01-24 15:48:00,042 [INFO] PluginManager:220 - loadIPPluginJar : add opamp
2026-01-24 15:48:00,046 [INFO] IPUIPlugin:80 - create IPUIPlugin
2026-01-24 15:48:00,048 [INFO] PluginManager:220 - loadIPPluginJar : add openamp
2026-01-24 15:48:00,051 [INFO] IPUIPlugin:80 - create IPUIPlugin
2026-01-24 15:48:00,051 [INFO] PluginManager:220 - loadIPPluginJar : add pdm2pcm
2026-01-24 15:48:00,060 [INFO] IPUIPlugin:80 - create IPUIPlugin
2026-01-24 15:48:00,062 [INFO] PluginManager:220 - loadIPPluginJar : add plateformsettings
2026-01-24 15:48:00,066 [INFO] IPUIPlugin:80 - create IPUIPlugin
2026-01-24 15:48:00,066 [INFO] PluginManager:220 - loadIPPluginJar : add quadspi
2026-01-24 15:48:00,068 [INFO] IPUIPlugin:80 - create IPUIPlugin
2026-01-24 15:48:00,069 [INFO] PluginManager:220 - loadIPPluginJar : add radio
2026-01-24 15:48:00,073 [INFO] IPUIPlugin:80 - create IPUIPlugin
2026-01-24 15:48:00,073 [INFO] PluginManager:220 - loadIPPluginJar : add resmgrutility
2026-01-24 15:48:00,076 [INFO] IPUIPlugin:80 - create IPUIPlugin
2026-01-24 15:48:00,077 [INFO] PluginManager:220 - loadIPPluginJar : add sai
2026-01-24 15:48:00,080 [INFO] IPUIPlugin:80 - create IPUIPlugin
2026-01-24 15:48:00,080 [INFO] PluginManager:220 - loadIPPluginJar : add spi
2026-01-24 15:48:00,086 [INFO] IPUIPlugin:80 - create IPUIPlugin
2026-01-24 15:48:00,088 [INFO] PluginManager:220 - loadIPPluginJar : add stm32_wpan
2026-01-24 15:48:00,090 [INFO] IPUIPlugin:80 - create IPUIPlugin
2026-01-24 15:48:00,090 [INFO] PluginManager:220 - loadIPPluginJar : add tim
2026-01-24 15:48:00,093 [INFO] IPUIPlugin:80 - create IPUIPlugin
2026-01-24 15:48:00,093 [INFO] PluginManager:220 - loadIPPluginJar : add touchsensing
2026-01-24 15:48:00,095 [INFO] IPUIPlugin:80 - create IPUIPlugin
2026-01-24 15:48:00,095 [INFO] PluginManager:220 - loadIPPluginJar : add tracer_emb
2026-01-24 15:48:00,097 [INFO] IPUIPlugin:80 - create IPUIPlugin
2026-01-24 15:48:00,097 [INFO] PluginManager:220 - loadIPPluginJar : add ts
2026-01-24 15:48:00,099 [INFO] IPUIPlugin:80 - create IPUIPlugin
2026-01-24 15:48:00,099 [INFO] PluginManager:220 - loadIPPluginJar : add tsc
2026-01-24 15:48:00,103 [INFO] IPUIPlugin:80 - create IPUIPlugin
2026-01-24 15:48:00,103 [INFO] PluginManager:220 - loadIPPluginJar : add ucpd
2026-01-24 15:48:00,106 [INFO] IPUIPlugin:80 - create IPUIPlugin
2026-01-24 15:48:00,106 [INFO] PluginManager:220 - loadIPPluginJar : add usart
2026-01-24 15:48:00,111 [INFO] IPUIPlugin:80 - create IPUIPlugin
2026-01-24 15:48:00,111 [INFO] PluginManager:220 - loadIPPluginJar : add usbx
2026-01-24 15:48:00,251 [FATAL] Updater:351 - Updater called before beeing initialized
2026-01-24 15:48:00,283 [INFO] RulesReader:64 - Compatibility file has been processed (317 Rules)
2026-01-24 15:48:00,300 [INFO] RulesReader:64 - Compatibility file has been processed (317 Rules)
2026-01-24 15:48:00,309 [INFO] CADModel:165 - CPN selected for project level
2026-01-24 15:48:00,309 [INFO] CADModel:114 - Register for checkConnection events
2026-01-24 15:48:00,309 [FATAL] Updater:351 - Updater called before beeing initialized
2026-01-24 15:48:00,310 [ERROR] CADModel:125 - Updater not yet initialized, retry later 
2026-01-24 15:48:00,483 [FATAL] Updater:351 - Updater called before beeing initialized
2026-01-24 15:48:00,486 [INFO] CADModel:165 - CPN selected for project level
2026-01-24 15:48:00,486 [INFO] CADModel:114 - Register for checkConnection events
2026-01-24 15:48:00,486 [FATAL] Updater:351 - Updater called before beeing initialized
2026-01-24 15:48:00,486 [ERROR] CADModel:125 - Updater not yet initialized, retry later 
2026-01-24 15:48:00,489 [FATAL] Updater:351 - Updater called before beeing initialized
2026-01-24 15:48:00,620 [FATAL] Updater:351 - Updater called before beeing initialized
2026-01-24 15:48:00,626 [INFO] DbMcusAds:53 - JSON generation date=Thu Jan 08 09:57:51 CST 2026 (1767887871456)
2026-01-24 15:48:00,626 [FATAL] Updater:351 - Updater called before beeing initialized
2026-01-24 15:48:00,671 [WARN] DetailPanel:346 - Failed to get advertising image, set to default
2026-01-24 15:48:00,837 [FATAL] Updater:351 - Updater called before beeing initialized
2026-01-24 15:48:00,841 [FATAL] Updater:351 - Updater called before beeing initialized
2026-01-24 15:48:00,842 [FATAL] Updater:351 - Updater called before beeing initialized
2026-01-24 15:48:00,842 [WARN] DetailPanel:346 - Failed to get advertising image, set to default
2026-01-24 15:48:00,843 [FATAL] Updater:351 - Updater called before beeing initialized
2026-01-24 15:48:00,939 [ERROR] Updater:1198 - MainUpdater not yet initialized. External WinMGr cannot be set.
2026-01-24 15:48:00,941 [INFO] Updater:1134 - Updater Version found : 6.15.0
2026-01-24 15:48:00,959 [INFO] ApplicationProperties:184 - Using Application install path: C:\ST\STM32CubeIDE_1.19.0\STM32CubeIDE\plugins\com.st.stm32cube.common.mx_6.15.0.202507011659
2026-01-24 15:48:01,273 [INFO] MainUpdater:2872 - connection check result : 10
2026-01-24 15:48:01,274 [INFO] MainUpdater:289 - Updater Check For Update Now.
2026-01-24 15:48:01,274 [INFO] MicroXplorer:498 - Change Database Version : DB.6.0.150
2026-01-24 15:48:01,281 [INFO] McuFinderGlobals:63 - Set McuFinder mode to 2 (CubeIDE integrated)
2026-01-24 15:48:01,282 [INFO] UserAuth:487 - Internet connection configuration mode: 1
2026-01-24 15:48:01,299 [INFO] JxBrowserEngine:152 - Initiate JxBrowser Engine with user profile folder
2026-01-24 15:48:01,466 [INFO] CheckServerUpdateThread:120 - End of CheckServer Thread
2026-01-24 15:48:02,162 [INFO] WebApp:169 - Instantiating new browser for Auth
2026-01-24 15:48:02,792 [WARN] PackLoader:240 - Cannot read IP mode file for STMicroelectronics.FP-SNS-MOTENVWB1.1.4.0
2026-01-24 15:48:02,801 [WARN] PackLoader:240 - Cannot read IP mode file for STMicroelectronics.FP-ATR-ASTRA1.2.0.2
2026-01-24 15:48:02,810 [WARN] PackLoader:240 - Cannot read IP mode file for STMicroelectronics.X-CUBE-SMBUS.2.1.0
2026-01-24 15:48:02,838 [WARN] PackLoader:240 - Cannot read IP mode file for STMicroelectronics.X-CUBE-AZRTOS-F7.1.1.0
2026-01-24 15:48:02,846 [WARN] PackLoader:240 - Cannot read IP mode file for Cesanta.I-CUBE-Mongoose.7.19.0
2026-01-24 15:48:02,851 [WARN] PackLoader:240 - Cannot read IP mode file for STMicroelectronics.FP-SNS-MOTENV1.5.1.0
2026-01-24 15:48:02,875 [WARN] PackLoader:240 - Cannot read IP mode file for WES.I-CUBE-Cesium.1.4.0
2026-01-24 15:48:02,934 [WARN] PackLoader:240 - Cannot read IP mode file for Infineon.AIROC-Wi-Fi-Bluetooth-STM32.1.7.1
2026-01-24 15:48:03,099 [WARN] PackLoader:240 - Cannot read IP mode file for STMicroelectronics.X-CUBE-AZRTOS-H7.3.4.0
2026-01-24 15:48:03,140 [WARN] PackLoader:240 - Cannot read IP mode file for STMicroelectronics.X-CUBE-DISPLAY.3.0.0
2026-01-24 15:48:03,154 [WARN] PackLoader:240 - Cannot read IP mode file for STMicroelectronics.X-CUBE-NFC10.1.0.0
2026-01-24 15:48:03,162 [WARN] PackLoader:240 - Cannot read IP mode file for STMicroelectronics.X-CUBE-ST60.1.1.0
2026-01-24 15:48:03,172 [WARN] PackLoader:240 - Cannot read IP mode file for emotas.I-CUBE-CANOPEN.1.3.0
2026-01-24 15:48:03,179 [WARN] PackLoader:240 - Cannot read IP mode file for STMicroelectronics.X-CUBE-GNSS1.7.1.0
2026-01-24 15:48:03,190 [WARN] PackLoader:240 - Cannot read IP mode file for STMicroelectronics.FP-SNS-STBOX1.2.1.0
2026-01-24 15:48:03,200 [WARN] PackLoader:240 - Cannot read IP mode file for STMicroelectronics.FP-SNS-SMARTAG2.1.2.0
2026-01-24 15:48:03,207 [WARN] PackLoader:240 - Cannot read IP mode file for STMicroelectronics.FP-SNS-FLIGHT1.5.1.0
2026-01-24 15:48:03,221 [INFO] LogOutputStream:77 - [STDOUT_REDIRECT] 1 : Invalid condition id : UX_CORESTACK_Condition cause : null
2026-01-24 15:48:03,222 [INFO] LogOutputStream:77 - [STDOUT_REDIRECT] 1 : Invalid condition id : UX_CORESTACK_Condition cause : null
2026-01-24 15:48:03,224 [INFO] LogOutputStream:77 - [STDOUT_REDIRECT] 1 : Invalid condition id : UX_CORESTACK_Condition cause : null
2026-01-24 15:48:03,226 [INFO] LogOutputStream:77 - [STDOUT_REDIRECT] 1 : Invalid condition id : UX_CORESTACK_Condition cause : null
2026-01-24 15:48:03,227 [INFO] LogOutputStream:77 - [STDOUT_REDIRECT] 1 : Invalid condition id : UX_CORESTACK_Condition cause : null
2026-01-24 15:48:03,232 [WARN] PackLoader:240 - Cannot read IP mode file for STMicroelectronics.X-CUBE-AZRTOS-WL.2.0.0
2026-01-24 15:48:03,244 [INFO] WebApp:463 - Apply proxy settings
2026-01-24 15:48:03,245 [INFO] WebApp:548 - Chromium requires no authentication
2026-01-24 15:48:03,257 [INFO] WebApp:491 - Direct internet connection detected
2026-01-24 15:48:03,259 [WARN] PackLoader:240 - Cannot read IP mode file for STMicroelectronics.X-CUBE-AZRTOS-H7RS.1.2.0
2026-01-24 15:48:03,271 [WARN] PackLoader:240 - Cannot read IP mode file for STMicroelectronics.X-CUBE-BLE2.3.3.0
2026-01-24 15:48:03,298 [INFO] WebApp:900 - Register for checkConnection events
2026-01-24 15:48:03,298 [INFO] WebApp:463 - Apply proxy settings
2026-01-24 15:48:03,298 [INFO] WebApp:548 - Chromium requires no authentication
2026-01-24 15:48:03,306 [INFO] WebApp:491 - Direct internet connection detected
2026-01-24 15:48:03,307 [WARN] PackLoader:240 - Cannot read IP mode file for STMicroelectronics.X-CUBE-NFC9.1.0.0
2026-01-24 15:48:03,467 [WARN] PackLoader:240 - Cannot read IP mode file for wolfSSL.I-CUBE-wolfSSL.5.8.2
2026-01-24 15:48:03,474 [WARN] PackLoader:240 - Cannot read IP mode file for STMicroelectronics.X-CUBE-BLE1.7.1.0
2026-01-24 15:48:03,479 [WARN] PackLoader:240 - Cannot read IP mode file for wolfSSL.I-CUBE-wolfMQTT.1.19.2
2026-01-24 15:48:03,486 [WARN] PackLoader:240 - Cannot read IP mode file for STMicroelectronics.X-CUBE-FREERTOS.1.4.0
2026-01-24 15:48:03,493 [WARN] PackLoader:240 - Cannot read IP mode file for STMicroelectronics.X-CUBE-EEPRMA1.5.2.0
2026-01-24 15:48:03,499 [WARN] PackLoader:240 - Cannot read IP mode file for STMicroelectronics.X-CUBE-ST67W61.1.1.0
2026-01-24 15:48:03,546 [INFO] WebApp:225 - Starting web application
2026-01-24 15:48:03,547 [INFO] WebApp:593 - Web application path used C:\ST\STM32CubeIDE_1.19.0\STM32CubeIDE\plugins\com.st.stm32cube.common.mx_6.15.0.202507011659\db\plugins\mcufinder\reactClient1\index.html
2026-01-24 15:48:03,794 [WARN] PackLoader:240 - Cannot read IP mode file for STMicroelectronics.X-CUBE-MEMS1.12.0.0
2026-01-24 15:48:03,887 [WARN] PackLoader:240 - Cannot read IP mode file for STMicroelectronics.X-CUBE-AZRTOS-G0.1.1.0
2026-01-24 15:48:03,894 [WARN] PackLoader:240 - Cannot read IP mode file for STMicroelectronics.X-CUBE-SAFEA1.1.2.2
2026-01-24 15:48:03,900 [WARN] PackLoader:240 - Cannot read IP mode file for STMicroelectronics.X-CUBE-NFC4.3.0.0
2026-01-24 15:48:03,909 [WARN] PackLoader:240 - Cannot read IP mode file for EmbeddedOffice.I-CUBE-FS-RTOS.1.0.1
2026-01-24 15:48:03,916 [WARN] PackLoader:240 - Cannot read IP mode file for STMicroelectronics.X-CUBE-WB05N.2.0.0
2026-01-24 15:48:03,922 [WARN] PackLoader:240 - Cannot read IP mode file for wolfSSL.I-CUBE-wolfTPM.3.8.0
2026-01-24 15:48:03,943 [WARN] PackLoader:240 - Cannot read IP mode file for STMicroelectronics.X-CUBE-TCPP.4.2.0
2026-01-24 15:48:04,065 [WARN] PackLoader:240 - Cannot read IP mode file for RealThread.X-CUBE-RT-Thread_Nano.4.1.1
2026-01-24 15:48:04,098 [WARN] PackLoader:240 - Cannot read IP mode file for STMicroelectronics.FP-ATR-SIGFOX1.3.2.0
2026-01-24 15:48:04,106 [WARN] PackLoader:240 - Cannot read IP mode file for ITTIA_DB.I-CUBE-ITTIADB.8.9.0
2026-01-24 15:48:04,114 [WARN] PackLoader:240 - Cannot read IP mode file for STMicroelectronics.X-CUBE-NFC6.3.2.0
2026-01-24 15:48:04,120 [WARN] PackLoader:240 - Cannot read IP mode file for STMicroelectronics.X-CUBE-AI.10.2.0
2026-01-24 15:48:04,150 [WARN] PackLoader:240 - Cannot read IP mode file for SEGGER.I-CUBE-embOS.1.3.1
2026-01-24 15:48:04,191 [WARN] PackLoader:240 - Cannot read IP mode file for STMicroelectronics.X-CUBE-ALGOBUILD.1.4.0
2026-01-24 15:48:04,224 [WARN] PackLoader:240 - Cannot read IP mode file for STMicroelectronics.X-CUBE-MEMS1.11.3.0
2026-01-24 15:48:04,728 [WARN] PackLoader:240 - Cannot read IP mode file for STMicroelectronics.X-CUBE-PM33A1.1.0.0
2026-01-24 15:48:05,599 [WARN] PackLoader:240 - Cannot read IP mode file for STMicroelectronics.X-CUBE-AZRTOS-F4.1.1.0
2026-01-24 15:48:05,619 [INFO] UserAuth:487 - Internet connection configuration mode: 1
2026-01-24 15:48:05,647 [WARN] PackLoader:240 - Cannot read IP mode file for STMicroelectronics.X-CUBE-ISPU.2.1.0
2026-01-24 15:48:05,658 [WARN] PackLoader:240 - Cannot read IP mode file for STMicroelectronics.X-CUBE-IPS.3.2.0
2026-01-24 15:48:05,672 [WARN] PackLoader:240 - Cannot read IP mode file for STMicroelectronics.X-CUBE-NFC12.1.0.0
2026-01-24 15:48:06,104 [WARN] PackLoader:240 - Cannot read IP mode file for STMicroelectronics.X-CUBE-AZRTOS-L5.2.0.0
2026-01-24 15:48:06,110 [WARN] PackLoader:240 - Cannot read IP mode file for STMicroelectronics.X-CUBE-NFC6.3.1.0
2026-01-24 15:48:06,115 [WARN] PackLoader:240 - Cannot read IP mode file for STMicroelectronics.X-CUBE-FREERTOS.1.3.1
2026-01-24 15:48:06,120 [WARN] PackLoader:240 - Cannot read IP mode file for STMicroelectronics.X-CUBE-TOUCHGFX.4.26.0
2026-01-24 15:48:06,125 [WARN] PackLoader:240 - Cannot read IP mode file for STMicroelectronics.FP-SNS-STAIOTCFT.1.0.0
2026-01-24 15:48:06,129 [WARN] PackLoader:240 - Cannot read IP mode file for STMicroelectronics.X-CUBE-DPower.1.3.0
2026-01-24 15:48:06,140 [WARN] ConditionMgr:438 - getConditionDescription Invalid condition id : LAN8742 Phy interface Condition cause : null
2026-01-24 15:48:06,142 [WARN] PackLoader:240 - Cannot read IP mode file for STMicroelectronics.X-CUBE-AZRTOS-L4.2.0.0
2026-01-24 15:48:06,142 [WARN] ConditionMgr:1044 - genDependencies : Invalid condition id : LAN8742 Phy interface Condition cause : null
2026-01-24 15:48:06,142 [WARN] ConditionMgr:1044 - genDependencies : Invalid condition id : LAN8742 Phy interface Condition cause : null
2026-01-24 15:48:06,143 [WARN] ConditionMgr:1044 - genDependencies : Invalid condition id : LAN8742 Phy interface Condition cause : null
2026-01-24 15:48:06,150 [WARN] PackLoader:240 - Cannot read IP mode file for STMicroelectronics.X-CUBE-SFXS2LP1.4.0.0
2026-01-24 15:48:06,156 [WARN] PackLoader:240 - Cannot read IP mode file for STMicroelectronics.X-CUBE-ST67W61.1.2.0
2026-01-24 15:48:06,165 [WARN] PackLoader:240 - Cannot read IP mode file for STMicroelectronics.X-CUBE-BLEMGR.4.1.0
2026-01-24 15:48:06,276 [WARN] ConditionMgr:438 - getConditionDescription Invalid condition id : UX DEVICE CLASS RTOS Condition cause : null
2026-01-24 15:48:06,277 [WARN] ConditionMgr:438 - getConditionDescription Invalid condition id : UX DEVICE CLASS RTOS Condition cause : null
2026-01-24 15:48:06,279 [WARN] PackLoader:240 - Cannot read IP mode file for STMicroelectronics.X-CUBE-AZRTOS-WB.2.0.0
2026-01-24 15:48:06,279 [WARN] ConditionMgr:1044 - genDependencies : Invalid condition id : UX DEVICE CLASS RTOS Condition cause : null
2026-01-24 15:48:06,279 [WARN] ConditionMgr:1044 - genDependencies : Invalid condition id : UX DEVICE CLASS RTOS Condition cause : null
2026-01-24 15:48:06,279 [WARN] ConditionMgr:1044 - genDependencies : Invalid condition id : UX DEVICE CLASS RTOS Condition cause : null
2026-01-24 15:48:06,280 [WARN] ConditionMgr:1044 - genDependencies : Invalid condition id : UX DEVICE CLASS RTOS Condition cause : null
2026-01-24 15:48:06,280 [WARN] ConditionMgr:1044 - genDependencies : Invalid condition id : UX DEVICE CLASS RTOS Condition cause : null
2026-01-24 15:48:06,285 [WARN] ConditionMgr:438 - getConditionDescription Invalid condition id : Cortex-A Device cause : null
2026-01-24 15:48:06,293 [WARN] ConditionMgr:1044 - genDependencies : Invalid condition id : Cortex-A Device cause : null
2026-01-24 15:48:06,293 [WARN] ConditionMgr:1044 - genDependencies : Invalid condition id : Cortex-A Device cause : null
2026-01-24 15:48:06,293 [WARN] ConditionMgr:1044 - genDependencies : Invalid condition id : Cortex-A Device cause : null
2026-01-24 15:48:06,298 [WARN] PackLoader:240 - Cannot read IP mode file for STMicroelectronics.X-CUBE-STSE01.2.0.0
2026-01-24 15:48:06,309 [WARN] PackLoader:240 - Cannot read IP mode file for STMicroelectronics.X-CUBE-SUBG2.5.0.0
2026-01-24 15:48:06,325 [WARN] PackLoader:240 - Cannot read IP mode file for STMicroelectronics.X-CUBE-AZRTOS-H7RS.1.1.0
2026-01-24 15:48:06,337 [WARN] PackLoader:240 - Cannot read IP mode file for STMicroelectronics.X-CUBE-AZRTOS-G4.2.0.0
2026-01-24 15:48:06,341 [WARN] PackLoader:240 - Cannot read IP mode file for wolfSSL.I-CUBE-wolfSSH.1.4.20
2026-01-24 15:48:06,345 [WARN] PackLoader:240 - Cannot read IP mode file for STMicroelectronics.X-CUBE-NFC7.2.0.0
2026-01-24 15:48:06,349 [WARN] PackLoader:240 - Cannot read IP mode file for STMicroelectronics.X-CUBE-ALS.1.0.2
2026-01-24 15:48:06,353 [WARN] PackLoader:240 - Cannot read IP mode file for STMicroelectronics.X-CUBE-STSE01.1.0.0
2026-01-24 15:48:06,370 [WARN] PackLoader:240 - Cannot read IP mode file for STMicroelectronics.X-CUBE-TOF1.3.4.3
2026-01-24 15:48:06,384 [INFO] ThirdParty:978 - Integrity check success = true
2026-01-24 15:48:06,384 [INFO] IntegrityCheckThread:100 - exiting critical section [integrity check]
2026-01-24 15:48:06,384 [INFO] IntegrityCheckThread:103 - End integrity checks thread
2026-01-24 15:48:06,922 [INFO] WebApp:191 - Connection restablished
2026-01-24 15:57:09,570 [ERROR] LogOutputStream:75 - [STDERR_REDIRECT] 
2026-01-24 15:57:30,568 [INFO] Activator:176 - 


2026-01-24 15:57:30,568 [INFO] Activator:177 - !SESSION log4j initialized
2026-01-24 15:57:35,455 [INFO] LogOutputStream:77 - [STDOUT_REDIRECT] 
2026-01-24 15:57:36,971 [INFO] ApplicationProperties:184 - Using Application install path: C:\ST\STM32CubeIDE_1.19.0\STM32CubeIDE\plugins\com.st.stm32cube.common.mx_6.15.0.202507011659
2026-01-24 15:57:36,993 [INFO] DbMcusXml:78 - Set database path to: C:\ST\STM32CubeIDE_1.19.0\STM32CubeIDE\plugins\com.st.stm32cube.common.mx_6.15.0.202507011659\\db\/mcu/
2026-01-24 15:57:36,994 [INFO] ApiDb:274 - Set plugin database path to: C:\ST\STM32CubeIDE_1.19.0\STM32CubeIDE\plugins\com.st.stm32cube.common.mx_6.15.0.202507011659\\db\/plugins/boardmanager/
2026-01-24 15:57:36,994 [WARN] ApiDb:259 - Overriding images path with different value:  => C:\ST\STM32CubeIDE_1.19.0\STM32CubeIDE\plugins\com.st.stm32cube.common.mx_6.15.0.202507011659\\db\/plugins/mcufinder/images/
2026-01-24 15:57:37,003 [INFO] ApiDb:250 - Set database path to: C:\Users\melod\.stmcufinder\plugins\mcufinder//mcu/
2026-01-24 15:57:37,004 [INFO] DbMcusAds:125 - Set database path to: C:\Users\melod\.stmcufinder\plugins\mcufinder//mcu/
2026-01-24 15:57:37,007 [INFO] CrossReferenceDbSqlite:203 - Set database path to: C:\Users\melod\.stmcufinder\plugins\mcufinder//mcu/cs/
2026-01-24 15:57:37,171 [INFO] RulesReader:64 - Compatibility file has been processed (317 Rules)
2026-01-24 15:57:37,262 [INFO] DbMcusXml:78 - Set database path to: C:\ST\STM32CubeIDE_1.19.0\STM32CubeIDE\plugins\com.st.stm32cube.common.mx_6.15.0.202507011659\\db\/mcu/
2026-01-24 15:57:37,262 [INFO] ApiDb:274 - Set plugin database path to: C:\ST\STM32CubeIDE_1.19.0\STM32CubeIDE\plugins\com.st.stm32cube.common.mx_6.15.0.202507011659\\db\/plugins/boardmanager/
2026-01-24 15:57:37,262 [INFO] ApiDb:261 - Set plugin images path to: C:\ST\STM32CubeIDE_1.19.0\STM32CubeIDE\plugins\com.st.stm32cube.common.mx_6.15.0.202507011659\\db\/plugins/mcufinder/images/
2026-01-24 15:57:37,262 [WARN] DbFile:41 - Overriding database path with different value: C:\Users\melod\.stmcufinder\plugins\mcufinder/ => C:\Users\melod\.stmcufinder\plugins\mcufinder
2026-01-24 15:57:37,262 [INFO] ApiDb:250 - Set database path to: C:\Users\melod\.stmcufinder\plugins\mcufinder//mcu/
2026-01-24 15:57:37,263 [WARN] DbFile:41 - Overriding database path with different value: C:\Users\melod\.stmcufinder\plugins\mcufinder/ => C:\Users\melod\.stmcufinder\plugins\mcufinder
2026-01-24 15:57:37,263 [INFO] DbMcusAds:125 - Set database path to: C:\Users\melod\.stmcufinder\plugins\mcufinder//mcu/
2026-01-24 15:57:37,263 [WARN] DbFile:41 - Overriding database path with different value: C:\Users\melod\.stmcufinder\plugins\mcufinder/ => C:\Users\melod\.stmcufinder\plugins\mcufinder
2026-01-24 15:57:37,263 [WARN] DbFile:41 - Overriding database path with different value: C:\Users\melod\.stmcufinder\plugins\mcufinder/ => C:\Users\melod\.stmcufinder\plugins\mcufinder
2026-01-24 15:57:37,263 [INFO] CrossReferenceDbSqlite:203 - Set database path to: C:\Users\melod\.stmcufinder\plugins\mcufinder//mcu/cs/
2026-01-24 15:57:37,345 [INFO] MainPanel:274 - HeapMemory: 268435456
2026-01-24 15:57:37,452 [INFO] DbMcusXml:78 - Set database path to: C:\ST\STM32CubeIDE_1.19.0\STM32CubeIDE\plugins\com.st.stm32cube.common.mx_6.15.0.202507011659\\db\/mcu/
2026-01-24 15:57:37,452 [INFO] ApiDb:274 - Set plugin database path to: C:\ST\STM32CubeIDE_1.19.0\STM32CubeIDE\plugins\com.st.stm32cube.common.mx_6.15.0.202507011659\\db\/plugins/boardmanager/
2026-01-24 15:57:37,453 [INFO] ApiDb:261 - Set plugin images path to: C:\ST\STM32CubeIDE_1.19.0\STM32CubeIDE\plugins\com.st.stm32cube.common.mx_6.15.0.202507011659\\db\/plugins/mcufinder/images/
2026-01-24 15:57:37,453 [WARN] DbFile:41 - Overriding database path with different value: C:\Users\melod\.stmcufinder\plugins\mcufinder/ => C:\Users\melod\.stmcufinder\plugins\mcufinder
2026-01-24 15:57:37,453 [INFO] ApiDb:250 - Set database path to: C:\Users\melod\.stmcufinder\plugins\mcufinder//mcu/
2026-01-24 15:57:37,453 [WARN] DbFile:41 - Overriding database path with different value: C:\Users\melod\.stmcufinder\plugins\mcufinder/ => C:\Users\melod\.stmcufinder\plugins\mcufinder
2026-01-24 15:57:37,453 [INFO] DbMcusAds:125 - Set database path to: C:\Users\melod\.stmcufinder\plugins\mcufinder//mcu/
2026-01-24 15:57:37,453 [WARN] DbFile:41 - Overriding database path with different value: C:\Users\melod\.stmcufinder\plugins\mcufinder/ => C:\Users\melod\.stmcufinder\plugins\mcufinder
2026-01-24 15:57:37,453 [WARN] DbFile:41 - Overriding database path with different value: C:\Users\melod\.stmcufinder\plugins\mcufinder/ => C:\Users\melod\.stmcufinder\plugins\mcufinder
2026-01-24 15:57:37,454 [INFO] CrossReferenceDbSqlite:203 - Set database path to: C:\Users\melod\.stmcufinder\plugins\mcufinder//mcu/cs/
2026-01-24 15:57:37,472 [INFO] ApplicationProperties:184 - Using Application install path: C:\ST\STM32CubeIDE_1.19.0\STM32CubeIDE\plugins\com.st.stm32cube.common.mx_6.15.0.202507011659
2026-01-24 15:57:37,474 [INFO] PluginManage:196 - Search for loadable plugins [exclusion list=, ]
2026-01-24 15:57:37,476 [INFO] PluginManage:310 - Check plugin analytics
2026-01-24 15:57:37,683 [INFO] AnalyticsPlugin:253 - Accepted Software Licenses: STM32CubeMX.6.15.0
2026-01-24 15:57:37,683 [INFO] AnalyticsPlugin:255 - Accepted CMSIS Pack Licenses: 
2026-01-24 15:57:37,683 [INFO] AnalyticsPlugin:257 - Accepted Firmware Licenses: FW.WB.1.23.0,FW.F4.1.28.0,FW.C0.1.4.0
2026-01-24 15:57:37,687 [INFO] PluginManage:359 - Loaded plugin analytics (category:tool,tabindex:-1)
2026-01-24 15:57:37,687 [INFO] PluginManage:310 - Check plugin cadmodel
2026-01-24 15:57:37,690 [INFO] CADModel:105 - Init CAD model plugin
2026-01-24 15:57:37,690 [INFO] PluginManage:359 - Loaded plugin cadmodel (category:power,tabindex:5)
2026-01-24 15:57:37,691 [INFO] PluginManage:310 - Check plugin clock
2026-01-24 15:57:37,716 [INFO] PluginManage:359 - Loaded plugin clock (category:base,tabindex:2)
2026-01-24 15:57:37,717 [INFO] PluginManage:310 - Check plugin ddr
2026-01-24 15:57:37,720 [INFO] PluginManage:359 - Loaded plugin ddr (category:tool,tabindex:6)
2026-01-24 15:57:37,720 [INFO] PluginManage:310 - Check plugin filemanager
2026-01-24 15:57:37,896 [INFO] PluginManage:359 - Loaded plugin filemanager (category:base,tabindex:10)
2026-01-24 15:57:37,896 [INFO] PluginManage:310 - Check plugin ipmanager
2026-01-24 15:57:37,907 [INFO] PluginManage:359 - Loaded plugin ipmanager (category:base,tabindex:5)
2026-01-24 15:57:37,908 [INFO] PluginManage:310 - Check plugin lpbam
2026-01-24 15:57:37,918 [INFO] PluginManage:359 - Loaded plugin lpbam (category:base,tabindex:0)
2026-01-24 15:57:37,918 [INFO] PluginManage:310 - Check plugin memorymap
2026-01-24 15:57:37,932 [INFO] PluginManage:359 - Loaded plugin memorymap (category:base,tabindex:4)
2026-01-24 15:57:37,932 [INFO] PluginManage:310 - Check plugin pinoutandconfiguration
2026-01-24 15:57:37,943 [INFO] PluginManage:359 - Loaded plugin pinoutandconfiguration (category:base,tabindex:1)
2026-01-24 15:57:37,943 [INFO] PluginManage:310 - Check plugin pinoutconfig
2026-01-24 15:57:38,046 [WARN] SupportedApi:132 - Cannot load RTOS API schema: s4s-elt-must-match.1: The content of 'definitions' must match (annotation?, (simpleType | complexType)?, (unique | key | keyref)*)). A problem was found starting at: attribute.
2026-01-24 15:57:38,216 [INFO] PluginManage:359 - Loaded plugin pinoutconfig (category:base,tabindex:0)
2026-01-24 15:57:38,216 [INFO] PluginManage:310 - Check plugin power
2026-01-24 15:57:38,227 [INFO] PluginManage:359 - Loaded plugin power (category:power,tabindex:4)
2026-01-24 15:57:38,227 [INFO] PluginManage:310 - Check plugin projectmanager
2026-01-24 15:57:38,249 [INFO] PluginManage:359 - Loaded plugin projectmanager (category:projectmanager,tabindex:4)
2026-01-24 15:57:38,249 [INFO] PluginManage:310 - Check plugin rif
2026-01-24 15:57:38,259 [INFO] PluginManage:359 - Loaded plugin rif (category:base,tabindex:3)
2026-01-24 15:57:38,259 [INFO] PluginManage:310 - Check plugin thirdparty
2026-01-24 15:57:38,416 [WARN] IntegrityCheckThread:84 - waiting for thirdparty lock release [integrity check]
2026-01-24 15:57:38,416 [INFO] IntegrityCheckThread:86 - entering critical section [integrity check]
2026-01-24 15:57:38,416 [INFO] PluginManage:359 - Loaded plugin thirdparty (category:base,tabindex:-1)
2026-01-24 15:57:38,417 [INFO] ThirdPartyUpdaterWithRetryManager:70 - Updater plugin not ready yet. [1/15]
2026-01-24 15:57:38,417 [INFO] PluginManage:310 - Check plugin tools
2026-01-24 15:57:38,421 [INFO] PluginManage:359 - Loaded plugin tools (category:base,tabindex:7)
2026-01-24 15:57:38,422 [INFO] PluginManage:310 - Check plugin tutovideos
2026-01-24 15:57:38,657 [INFO] PluginManage:359 - Loaded plugin tutovideos (category:base,tabindex:-1)
2026-01-24 15:57:38,658 [INFO] PluginManage:310 - Check plugin updater
2026-01-24 15:57:38,679 [INFO] PluginManage:359 - Loaded plugin updater (category:base,tabindex:12)
2026-01-24 15:57:38,679 [INFO] PluginManage:310 - Check plugin userauth
2026-01-24 15:57:38,684 [INFO] UserAuth:118 - Init User Auth plugin
2026-01-24 15:57:38,685 [INFO] PluginManage:359 - Loaded plugin userauth (category:base,tabindex:14)
2026-01-24 15:57:38,686 [INFO] PluginManage:283 - PluginManage : Loaded plugins [18]
2026-01-24 15:57:38,959 [INFO] PinOutPanel:1589 - setPackage(No Configuration,No Configuration)
2026-01-24 15:57:39,059 [INFO] CADModel:165 - CPN selected for project level
2026-01-24 15:57:39,059 [INFO] CADModel:114 - Register for checkConnection events
2026-01-24 15:57:39,079 [INFO] IPUIPlugin:80 - create IPUIPlugin
2026-01-24 15:57:39,079 [INFO] PluginManager:220 - loadIPPluginJar : add adc
2026-01-24 15:57:39,083 [INFO] IPUIPlugin:80 - create IPUIPlugin
2026-01-24 15:57:39,083 [INFO] PluginManager:220 - loadIPPluginJar : add aes
2026-01-24 15:57:39,086 [INFO] IPUIPlugin:80 - create IPUIPlugin
2026-01-24 15:57:39,086 [INFO] PluginManager:220 - loadIPPluginJar : add can
2026-01-24 15:57:39,088 [INFO] IPUIPlugin:80 - create IPUIPlugin
2026-01-24 15:57:39,088 [INFO] PluginManager:220 - loadIPPluginJar : add comp
2026-01-24 15:57:39,091 [INFO] IPUIPlugin:80 - create IPUIPlugin
2026-01-24 15:57:39,092 [INFO] PluginManager:220 - loadIPPluginJar : add cryp
2026-01-24 15:57:39,094 [INFO] IPUIPlugin:80 - create IPUIPlugin
2026-01-24 15:57:39,094 [INFO] PluginManager:220 - loadIPPluginJar : add ddr_ctrl_phy
2026-01-24 15:57:39,097 [INFO] IPUIPlugin:80 - create IPUIPlugin
2026-01-24 15:57:39,097 [INFO] PluginManager:220 - loadIPPluginJar : add dfsdm
2026-01-24 15:57:39,103 [INFO] IPUIPlugin:80 - create IPUIPlugin
2026-01-24 15:57:39,103 [INFO] PluginManager:220 - loadIPPluginJar : add dma
2026-01-24 15:57:39,106 [INFO] IPUIPlugin:80 - create IPUIPlugin
2026-01-24 15:57:39,106 [INFO] PluginManager:220 - loadIPPluginJar : add dma3
2026-01-24 15:57:39,110 [INFO] IPUIPlugin:80 - create IPUIPlugin
2026-01-24 15:57:39,110 [INFO] PluginManager:220 - loadIPPluginJar : add extmemmanager
2026-01-24 15:57:39,111 [INFO] IPUIPlugin:80 - create IPUIPlugin
2026-01-24 15:57:39,112 [INFO] PluginManager:220 - loadIPPluginJar : add fatfs
2026-01-24 15:57:39,116 [INFO] IPUIPlugin:80 - create IPUIPlugin
2026-01-24 15:57:39,116 [INFO] PluginManager:220 - loadIPPluginJar : add fmc
2026-01-24 15:57:39,121 [INFO] IPUIPlugin:80 - create IPUIPlugin
2026-01-24 15:57:39,121 [INFO] PluginManager:220 - loadIPPluginJar : add freertos
2026-01-24 15:57:39,123 [INFO] IPUIPlugin:80 - create IPUIPlugin
2026-01-24 15:57:39,123 [INFO] PluginManager:220 - loadIPPluginJar : add genericplugin
2026-01-24 15:57:39,126 [INFO] IPUIPlugin:80 - create IPUIPlugin
2026-01-24 15:57:39,126 [INFO] PluginManager:220 - loadIPPluginJar : add gfxmmu
2026-01-24 15:57:39,130 [INFO] IPUIPlugin:80 - create IPUIPlugin
2026-01-24 15:57:39,130 [INFO] PluginManager:220 - loadIPPluginJar : add gic
2026-01-24 15:57:39,135 [INFO] IPUIPlugin:80 - create IPUIPlugin
2026-01-24 15:57:39,135 [INFO] PluginManager:220 - loadIPPluginJar : add gpio
2026-01-24 15:57:39,138 [INFO] IPUIPlugin:80 - create IPUIPlugin
2026-01-24 15:57:39,138 [INFO] PluginManager:220 - loadIPPluginJar : add gtzc
2026-01-24 15:57:39,140 [INFO] IPUIPlugin:80 - create IPUIPlugin
2026-01-24 15:57:39,141 [INFO] PluginManager:220 - loadIPPluginJar : add hash
2026-01-24 15:57:39,143 [INFO] IPUIPlugin:80 - create IPUIPlugin
2026-01-24 15:57:39,143 [INFO] PluginManager:220 - loadIPPluginJar : add i2c
2026-01-24 15:57:39,146 [INFO] IPUIPlugin:80 - create IPUIPlugin
2026-01-24 15:57:39,146 [INFO] PluginManager:220 - loadIPPluginJar : add i2s
2026-01-24 15:57:39,150 [INFO] IPUIPlugin:80 - create IPUIPlugin
2026-01-24 15:57:39,150 [INFO] PluginManager:220 - loadIPPluginJar : add i3c
2026-01-24 15:57:39,153 [INFO] IPUIPlugin:80 - create IPUIPlugin
2026-01-24 15:57:39,153 [INFO] PluginManager:220 - loadIPPluginJar : add ipddr
2026-01-24 15:57:39,160 [INFO] IPUIPlugin:80 - create IPUIPlugin
2026-01-24 15:57:39,160 [INFO] PluginManager:220 - loadIPPluginJar : add linkedlist
2026-01-24 15:57:39,164 [INFO] IPUIPlugin:80 - create IPUIPlugin
2026-01-24 15:57:39,164 [INFO] PluginManager:220 - loadIPPluginJar : add lorawan
2026-01-24 15:57:39,166 [INFO] IPUIPlugin:80 - create IPUIPlugin
2026-01-24 15:57:39,167 [INFO] PluginManager:220 - loadIPPluginJar : add ltdc
2026-01-24 15:57:39,172 [INFO] IPUIPlugin:80 - create IPUIPlugin
2026-01-24 15:57:39,173 [INFO] PluginManager:220 - loadIPPluginJar : add mdma
2026-01-24 15:57:39,177 [INFO] IPUIPlugin:80 - create IPUIPlugin
2026-01-24 15:57:39,178 [INFO] PluginManager:220 - loadIPPluginJar : add nvic
2026-01-24 15:57:39,181 [INFO] IPUIPlugin:80 - create IPUIPlugin
2026-01-24 15:57:39,181 [INFO] PluginManager:220 - loadIPPluginJar : add opamp
2026-01-24 15:57:39,185 [INFO] IPUIPlugin:80 - create IPUIPlugin
2026-01-24 15:57:39,185 [INFO] PluginManager:220 - loadIPPluginJar : add openamp
2026-01-24 15:57:39,189 [INFO] IPUIPlugin:80 - create IPUIPlugin
2026-01-24 15:57:39,189 [INFO] PluginManager:220 - loadIPPluginJar : add pdm2pcm
2026-01-24 15:57:39,196 [INFO] IPUIPlugin:80 - create IPUIPlugin
2026-01-24 15:57:39,199 [INFO] PluginManager:220 - loadIPPluginJar : add plateformsettings
2026-01-24 15:57:39,201 [INFO] IPUIPlugin:80 - create IPUIPlugin
2026-01-24 15:57:39,201 [INFO] PluginManager:220 - loadIPPluginJar : add quadspi
2026-01-24 15:57:39,205 [INFO] IPUIPlugin:80 - create IPUIPlugin
2026-01-24 15:57:39,206 [INFO] PluginManager:220 - loadIPPluginJar : add radio
2026-01-24 15:57:39,210 [INFO] IPUIPlugin:80 - create IPUIPlugin
2026-01-24 15:57:39,210 [INFO] PluginManager:220 - loadIPPluginJar : add resmgrutility
2026-01-24 15:57:39,214 [INFO] IPUIPlugin:80 - create IPUIPlugin
2026-01-24 15:57:39,214 [INFO] PluginManager:220 - loadIPPluginJar : add sai
2026-01-24 15:57:39,217 [INFO] IPUIPlugin:80 - create IPUIPlugin
2026-01-24 15:57:39,217 [INFO] PluginManager:220 - loadIPPluginJar : add spi
2026-01-24 15:57:39,223 [INFO] IPUIPlugin:80 - create IPUIPlugin
2026-01-24 15:57:39,223 [INFO] PluginManager:220 - loadIPPluginJar : add stm32_wpan
2026-01-24 15:57:39,225 [INFO] IPUIPlugin:80 - create IPUIPlugin
2026-01-24 15:57:39,225 [INFO] PluginManager:220 - loadIPPluginJar : add tim
2026-01-24 15:57:39,229 [INFO] IPUIPlugin:80 - create IPUIPlugin
2026-01-24 15:57:39,229 [INFO] PluginManager:220 - loadIPPluginJar : add touchsensing
2026-01-24 15:57:39,232 [INFO] IPUIPlugin:80 - create IPUIPlugin
2026-01-24 15:57:39,232 [INFO] PluginManager:220 - loadIPPluginJar : add tracer_emb
2026-01-24 15:57:39,234 [INFO] IPUIPlugin:80 - create IPUIPlugin
2026-01-24 15:57:39,234 [INFO] PluginManager:220 - loadIPPluginJar : add ts
2026-01-24 15:57:39,236 [INFO] IPUIPlugin:80 - create IPUIPlugin
2026-01-24 15:57:39,236 [INFO] PluginManager:220 - loadIPPluginJar : add tsc
2026-01-24 15:57:39,238 [INFO] IPUIPlugin:80 - create IPUIPlugin
2026-01-24 15:57:39,239 [INFO] PluginManager:220 - loadIPPluginJar : add ucpd
2026-01-24 15:57:39,242 [INFO] IPUIPlugin:80 - create IPUIPlugin
2026-01-24 15:57:39,242 [INFO] PluginManager:220 - loadIPPluginJar : add usart
2026-01-24 15:57:39,245 [INFO] IPUIPlugin:80 - create IPUIPlugin
2026-01-24 15:57:39,245 [INFO] PluginManager:220 - loadIPPluginJar : add usbx
2026-01-24 15:57:39,385 [FATAL] Updater:351 - Updater called before beeing initialized
2026-01-24 15:57:39,415 [INFO] RulesReader:64 - Compatibility file has been processed (317 Rules)
2026-01-24 15:57:39,429 [INFO] RulesReader:64 - Compatibility file has been processed (317 Rules)
2026-01-24 15:57:39,439 [INFO] CADModel:165 - CPN selected for project level
2026-01-24 15:57:39,439 [INFO] CADModel:114 - Register for checkConnection events
2026-01-24 15:57:39,439 [FATAL] Updater:351 - Updater called before beeing initialized
2026-01-24 15:57:39,439 [ERROR] CADModel:125 - Updater not yet initialized, retry later 
2026-01-24 15:57:39,603 [FATAL] Updater:351 - Updater called before beeing initialized
2026-01-24 15:57:39,606 [INFO] CADModel:165 - CPN selected for project level
2026-01-24 15:57:39,606 [INFO] CADModel:114 - Register for checkConnection events
2026-01-24 15:57:39,606 [FATAL] Updater:351 - Updater called before beeing initialized
2026-01-24 15:57:39,606 [ERROR] CADModel:125 - Updater not yet initialized, retry later 
2026-01-24 15:57:39,609 [FATAL] Updater:351 - Updater called before beeing initialized
2026-01-24 15:57:39,724 [FATAL] Updater:351 - Updater called before beeing initialized
2026-01-24 15:57:39,728 [INFO] DbMcusAds:53 - JSON generation date=Thu Jan 08 09:57:51 CST 2026 (1767887871456)
2026-01-24 15:57:39,728 [FATAL] Updater:351 - Updater called before beeing initialized
2026-01-24 15:57:39,763 [WARN] DetailPanel:346 - Failed to get advertising image, set to default
2026-01-24 15:57:39,855 [FATAL] Updater:351 - Updater called before beeing initialized
2026-01-24 15:57:39,857 [FATAL] Updater:351 - Updater called before beeing initialized
2026-01-24 15:57:39,857 [FATAL] Updater:351 - Updater called before beeing initialized
2026-01-24 15:57:39,857 [WARN] DetailPanel:346 - Failed to get advertising image, set to default
2026-01-24 15:57:39,859 [FATAL] Updater:351 - Updater called before beeing initialized
2026-01-24 15:57:39,913 [ERROR] Updater:1198 - MainUpdater not yet initialized. External WinMGr cannot be set.
2026-01-24 15:57:39,915 [INFO] Updater:1134 - Updater Version found : 6.15.0
2026-01-24 15:57:39,931 [INFO] ApplicationProperties:184 - Using Application install path: C:\ST\STM32CubeIDE_1.19.0\STM32CubeIDE\plugins\com.st.stm32cube.common.mx_6.15.0.202507011659
2026-01-24 15:57:40,206 [INFO] MainUpdater:2872 - connection check result : 10
2026-01-24 15:57:40,207 [INFO] MainUpdater:289 - Updater Check For Update Now.
2026-01-24 15:57:40,207 [INFO] MicroXplorer:498 - Change Database Version : DB.6.0.150
2026-01-24 15:57:40,212 [INFO] McuFinderGlobals:63 - Set McuFinder mode to 2 (CubeIDE integrated)
2026-01-24 15:57:40,214 [INFO] UserAuth:487 - Internet connection configuration mode: 1
2026-01-24 15:57:40,230 [INFO] JxBrowserEngine:152 - Initiate JxBrowser Engine with user profile folder
2026-01-24 15:57:40,392 [INFO] CheckServerUpdateThread:120 - End of CheckServer Thread
2026-01-24 15:57:40,972 [INFO] WebApp:169 - Instantiating new browser for Auth
2026-01-24 15:57:41,823 [WARN] PackLoader:240 - Cannot read IP mode file for STMicroelectronics.FP-SNS-MOTENVWB1.1.4.0
2026-01-24 15:57:41,838 [WARN] PackLoader:240 - Cannot read IP mode file for STMicroelectronics.FP-ATR-ASTRA1.2.0.2
2026-01-24 15:57:41,852 [WARN] PackLoader:240 - Cannot read IP mode file for STMicroelectronics.X-CUBE-SMBUS.2.1.0
2026-01-24 15:57:41,870 [INFO] WebApp:463 - Apply proxy settings
2026-01-24 15:57:41,871 [INFO] WebApp:548 - Chromium requires no authentication
2026-01-24 15:57:41,882 [INFO] WebApp:491 - Direct internet connection detected
2026-01-24 15:57:41,895 [WARN] PackLoader:240 - Cannot read IP mode file for STMicroelectronics.X-CUBE-AZRTOS-F7.1.1.0
2026-01-24 15:57:41,910 [WARN] PackLoader:240 - Cannot read IP mode file for Cesanta.I-CUBE-Mongoose.7.19.0
2026-01-24 15:57:41,918 [WARN] PackLoader:240 - Cannot read IP mode file for STMicroelectronics.FP-SNS-MOTENV1.5.1.0
2026-01-24 15:57:41,929 [INFO] WebApp:900 - Register for checkConnection events
2026-01-24 15:57:41,930 [INFO] WebApp:463 - Apply proxy settings
2026-01-24 15:57:41,930 [INFO] WebApp:548 - Chromium requires no authentication
2026-01-24 15:57:41,930 [INFO] WebApp:491 - Direct internet connection detected
2026-01-24 15:57:41,932 [WARN] PackLoader:240 - Cannot read IP mode file for WES.I-CUBE-Cesium.1.4.0
2026-01-24 15:57:41,961 [WARN] PackLoader:240 - Cannot read IP mode file for Infineon.AIROC-Wi-Fi-Bluetooth-STM32.1.7.1
2026-01-24 15:57:41,996 [WARN] PackLoader:240 - Cannot read IP mode file for STMicroelectronics.X-CUBE-AZRTOS-H7.3.4.0
2026-01-24 15:57:42,009 [WARN] PackLoader:240 - Cannot read IP mode file for STMicroelectronics.X-CUBE-DISPLAY.3.0.0
2026-01-24 15:57:42,022 [WARN] PackLoader:240 - Cannot read IP mode file for STMicroelectronics.X-CUBE-NFC10.1.0.0
2026-01-24 15:57:42,028 [WARN] PackLoader:240 - Cannot read IP mode file for STMicroelectronics.X-CUBE-ST60.1.1.0
2026-01-24 15:57:42,037 [WARN] PackLoader:240 - Cannot read IP mode file for emotas.I-CUBE-CANOPEN.1.3.0
2026-01-24 15:57:42,042 [WARN] PackLoader:240 - Cannot read IP mode file for STMicroelectronics.X-CUBE-GNSS1.7.1.0
2026-01-24 15:57:42,058 [WARN] PackLoader:240 - Cannot read IP mode file for STMicroelectronics.FP-SNS-STBOX1.2.1.0
2026-01-24 15:57:42,067 [WARN] PackLoader:240 - Cannot read IP mode file for STMicroelectronics.FP-SNS-SMARTAG2.1.2.0
2026-01-24 15:57:42,075 [WARN] PackLoader:240 - Cannot read IP mode file for STMicroelectronics.FP-SNS-FLIGHT1.5.1.0
2026-01-24 15:57:42,088 [INFO] LogOutputStream:77 - [STDOUT_REDIRECT] 1 : Invalid condition id : UX_CORESTACK_Condition cause : null
2026-01-24 15:57:42,089 [INFO] LogOutputStream:77 - [STDOUT_REDIRECT] 1 : Invalid condition id : UX_CORESTACK_Condition cause : null
2026-01-24 15:57:42,090 [INFO] LogOutputStream:77 - [STDOUT_REDIRECT] 1 : Invalid condition id : UX_CORESTACK_Condition cause : null
2026-01-24 15:57:42,091 [INFO] LogOutputStream:77 - [STDOUT_REDIRECT] 1 : Invalid condition id : UX_CORESTACK_Condition cause : null
2026-01-24 15:57:42,093 [INFO] LogOutputStream:77 - [STDOUT_REDIRECT] 1 : Invalid condition id : UX_CORESTACK_Condition cause : null
2026-01-24 15:57:42,097 [WARN] PackLoader:240 - Cannot read IP mode file for STMicroelectronics.X-CUBE-AZRTOS-WL.2.0.0
2026-01-24 15:57:42,152 [WARN] PackLoader:240 - Cannot read IP mode file for STMicroelectronics.X-CUBE-AZRTOS-H7RS.1.2.0
2026-01-24 15:57:42,153 [INFO] WebApp:191 - Connection restablished
2026-01-24 15:57:42,165 [WARN] PackLoader:240 - Cannot read IP mode file for STMicroelectronics.X-CUBE-BLE2.3.3.0
2026-01-24 15:57:42,198 [WARN] PackLoader:240 - Cannot read IP mode file for STMicroelectronics.X-CUBE-NFC9.1.0.0
2026-01-24 15:57:42,210 [WARN] PackLoader:240 - Cannot read IP mode file for wolfSSL.I-CUBE-wolfSSL.5.8.2
2026-01-24 15:57:42,221 [WARN] PackLoader:240 - Cannot read IP mode file for STMicroelectronics.X-CUBE-BLE1.7.1.0
2026-01-24 15:57:42,227 [WARN] PackLoader:240 - Cannot read IP mode file for wolfSSL.I-CUBE-wolfMQTT.1.19.2
2026-01-24 15:57:42,236 [WARN] PackLoader:240 - Cannot read IP mode file for STMicroelectronics.X-CUBE-FREERTOS.1.4.0
2026-01-24 15:57:42,245 [WARN] PackLoader:240 - Cannot read IP mode file for STMicroelectronics.X-CUBE-EEPRMA1.5.2.0
2026-01-24 15:57:42,255 [WARN] PackLoader:240 - Cannot read IP mode file for STMicroelectronics.X-CUBE-ST67W61.1.1.0
2026-01-24 15:57:42,313 [WARN] PackLoader:240 - Cannot read IP mode file for STMicroelectronics.X-CUBE-MEMS1.12.0.0
2026-01-24 15:57:42,326 [INFO] WebApp:225 - Starting web application
2026-01-24 15:57:42,326 [INFO] WebApp:593 - Web application path used C:\ST\STM32CubeIDE_1.19.0\STM32CubeIDE\plugins\com.st.stm32cube.common.mx_6.15.0.202507011659\db\plugins\mcufinder\reactClient1\index.html
2026-01-24 15:57:42,428 [WARN] PackLoader:240 - Cannot read IP mode file for STMicroelectronics.X-CUBE-AZRTOS-G0.1.1.0
2026-01-24 15:57:42,437 [WARN] PackLoader:240 - Cannot read IP mode file for STMicroelectronics.X-CUBE-SAFEA1.1.2.2
2026-01-24 15:57:42,446 [WARN] PackLoader:240 - Cannot read IP mode file for STMicroelectronics.X-CUBE-NFC4.3.0.0
2026-01-24 15:57:42,460 [WARN] PackLoader:240 - Cannot read IP mode file for EmbeddedOffice.I-CUBE-FS-RTOS.1.0.1
2026-01-24 15:57:42,469 [WARN] PackLoader:240 - Cannot read IP mode file for STMicroelectronics.X-CUBE-WB05N.2.0.0
2026-01-24 15:57:42,478 [WARN] PackLoader:240 - Cannot read IP mode file for wolfSSL.I-CUBE-wolfTPM.3.8.0
2026-01-24 15:57:42,487 [INFO] UserAuth:487 - Internet connection configuration mode: 1
2026-01-24 15:57:42,488 [WARN] PackLoader:240 - Cannot read IP mode file for STMicroelectronics.X-CUBE-TCPP.4.2.0
2026-01-24 15:57:42,497 [WARN] PackLoader:240 - Cannot read IP mode file for RealThread.X-CUBE-RT-Thread_Nano.4.1.1
2026-01-24 15:57:42,503 [WARN] PackLoader:240 - Cannot read IP mode file for STMicroelectronics.FP-ATR-SIGFOX1.3.2.0
2026-01-24 15:57:42,513 [WARN] PackLoader:240 - Cannot read IP mode file for ITTIA_DB.I-CUBE-ITTIADB.8.9.0
2026-01-24 15:57:42,525 [WARN] PackLoader:240 - Cannot read IP mode file for STMicroelectronics.X-CUBE-NFC6.3.2.0
2026-01-24 15:57:42,537 [WARN] PackLoader:240 - Cannot read IP mode file for STMicroelectronics.X-CUBE-AI.10.2.0
2026-01-24 15:57:42,595 [WARN] PackLoader:240 - Cannot read IP mode file for SEGGER.I-CUBE-embOS.1.3.1
2026-01-24 15:57:42,648 [WARN] PackLoader:240 - Cannot read IP mode file for STMicroelectronics.X-CUBE-ALGOBUILD.1.4.0
2026-01-24 15:57:42,696 [WARN] PackLoader:240 - Cannot read IP mode file for STMicroelectronics.X-CUBE-MEMS1.11.3.0
2026-01-24 15:57:42,831 [WARN] PackLoader:240 - Cannot read IP mode file for STMicroelectronics.X-CUBE-PM33A1.1.0.0
2026-01-24 15:57:42,856 [WARN] PackLoader:240 - Cannot read IP mode file for STMicroelectronics.X-CUBE-AZRTOS-F4.1.1.0
2026-01-24 15:57:42,865 [WARN] PackLoader:240 - Cannot read IP mode file for STMicroelectronics.X-CUBE-ISPU.2.1.0
2026-01-24 15:57:42,880 [WARN] PackLoader:240 - Cannot read IP mode file for STMicroelectronics.X-CUBE-IPS.3.2.0
2026-01-24 15:57:42,903 [WARN] PackLoader:240 - Cannot read IP mode file for STMicroelectronics.X-CUBE-NFC12.1.0.0
2026-01-24 15:57:42,923 [WARN] PackLoader:240 - Cannot read IP mode file for STMicroelectronics.X-CUBE-AZRTOS-L5.2.0.0
2026-01-24 15:57:42,931 [WARN] PackLoader:240 - Cannot read IP mode file for STMicroelectronics.X-CUBE-NFC6.3.1.0
2026-01-24 15:57:42,938 [WARN] PackLoader:240 - Cannot read IP mode file for STMicroelectronics.X-CUBE-FREERTOS.1.3.1
2026-01-24 15:57:42,945 [WARN] PackLoader:240 - Cannot read IP mode file for STMicroelectronics.X-CUBE-TOUCHGFX.4.26.0
2026-01-24 15:57:42,952 [WARN] PackLoader:240 - Cannot read IP mode file for STMicroelectronics.FP-SNS-STAIOTCFT.1.0.0
2026-01-24 15:57:42,959 [WARN] PackLoader:240 - Cannot read IP mode file for STMicroelectronics.X-CUBE-DPower.1.3.0
2026-01-24 15:57:42,972 [WARN] ConditionMgr:438 - getConditionDescription Invalid condition id : LAN8742 Phy interface Condition cause : null
2026-01-24 15:57:42,973 [WARN] PackLoader:240 - Cannot read IP mode file for STMicroelectronics.X-CUBE-AZRTOS-L4.2.0.0
2026-01-24 15:57:42,975 [WARN] ConditionMgr:1044 - genDependencies : Invalid condition id : LAN8742 Phy interface Condition cause : null
2026-01-24 15:57:42,975 [WARN] ConditionMgr:1044 - genDependencies : Invalid condition id : LAN8742 Phy interface Condition cause : null
2026-01-24 15:57:42,976 [WARN] ConditionMgr:1044 - genDependencies : Invalid condition id : LAN8742 Phy interface Condition cause : null
2026-01-24 15:57:42,983 [WARN] PackLoader:240 - Cannot read IP mode file for STMicroelectronics.X-CUBE-SFXS2LP1.4.0.0
2026-01-24 15:57:42,989 [WARN] PackLoader:240 - Cannot read IP mode file for STMicroelectronics.X-CUBE-ST67W61.1.2.0
2026-01-24 15:57:42,999 [WARN] PackLoader:240 - Cannot read IP mode file for STMicroelectronics.X-CUBE-BLEMGR.4.1.0
2026-01-24 15:57:43,011 [WARN] ConditionMgr:438 - getConditionDescription Invalid condition id : UX DEVICE CLASS RTOS Condition cause : null
2026-01-24 15:57:43,011 [WARN] ConditionMgr:438 - getConditionDescription Invalid condition id : UX DEVICE CLASS RTOS Condition cause : null
2026-01-24 15:57:43,014 [WARN] PackLoader:240 - Cannot read IP mode file for STMicroelectronics.X-CUBE-AZRTOS-WB.2.0.0
2026-01-24 15:57:43,014 [WARN] ConditionMgr:1044 - genDependencies : Invalid condition id : UX DEVICE CLASS RTOS Condition cause : null
2026-01-24 15:57:43,014 [WARN] ConditionMgr:1044 - genDependencies : Invalid condition id : UX DEVICE CLASS RTOS Condition cause : null
2026-01-24 15:57:43,015 [WARN] ConditionMgr:1044 - genDependencies : Invalid condition id : UX DEVICE CLASS RTOS Condition cause : null
2026-01-24 15:57:43,015 [WARN] ConditionMgr:1044 - genDependencies : Invalid condition id : UX DEVICE CLASS RTOS Condition cause : null
2026-01-24 15:57:43,015 [WARN] ConditionMgr:1044 - genDependencies : Invalid condition id : UX DEVICE CLASS RTOS Condition cause : null
2026-01-24 15:57:43,021 [WARN] ConditionMgr:438 - getConditionDescription Invalid condition id : Cortex-A Device cause : null
2026-01-24 15:57:43,029 [WARN] ConditionMgr:1044 - genDependencies : Invalid condition id : Cortex-A Device cause : null
2026-01-24 15:57:43,029 [WARN] ConditionMgr:1044 - genDependencies : Invalid condition id : Cortex-A Device cause : null
2026-01-24 15:57:43,029 [WARN] ConditionMgr:1044 - genDependencies : Invalid condition id : Cortex-A Device cause : null
2026-01-24 15:57:43,036 [WARN] PackLoader:240 - Cannot read IP mode file for STMicroelectronics.X-CUBE-STSE01.2.0.0
2026-01-24 15:57:43,046 [WARN] PackLoader:240 - Cannot read IP mode file for STMicroelectronics.X-CUBE-SUBG2.5.0.0
2026-01-24 15:57:43,060 [WARN] PackLoader:240 - Cannot read IP mode file for STMicroelectronics.X-CUBE-AZRTOS-H7RS.1.1.0
2026-01-24 15:57:43,073 [WARN] PackLoader:240 - Cannot read IP mode file for STMicroelectronics.X-CUBE-AZRTOS-G4.2.0.0
2026-01-24 15:57:43,078 [WARN] PackLoader:240 - Cannot read IP mode file for wolfSSL.I-CUBE-wolfSSH.1.4.20
2026-01-24 15:57:43,083 [WARN] PackLoader:240 - Cannot read IP mode file for STMicroelectronics.X-CUBE-NFC7.2.0.0
2026-01-24 15:57:43,088 [WARN] PackLoader:240 - Cannot read IP mode file for STMicroelectronics.X-CUBE-ALS.1.0.2
2026-01-24 15:57:43,095 [WARN] PackLoader:240 - Cannot read IP mode file for STMicroelectronics.X-CUBE-STSE01.1.0.0
2026-01-24 15:57:43,105 [WARN] PackLoader:240 - Cannot read IP mode file for STMicroelectronics.X-CUBE-TOF1.3.4.3
2026-01-24 15:57:43,114 [INFO] ThirdParty:978 - Integrity check success = true
2026-01-24 15:57:43,114 [INFO] IntegrityCheckThread:100 - exiting critical section [integrity check]
2026-01-24 15:57:43,114 [INFO] IntegrityCheckThread:103 - End integrity checks thread
2026-01-24 16:17:41,798 [ERROR] LogOutputStream:75 - [STDERR_REDIRECT] 
2026-01-24 16:43:34,341 [INFO] Activator:176 - 


2026-01-24 16:43:34,344 [INFO] Activator:177 - !SESSION log4j initialized
2026-01-24 16:43:39,820 [INFO] LogOutputStream:77 - [STDOUT_REDIRECT] 
2026-01-24 16:43:41,171 [INFO] ApplicationProperties:184 - Using Application install path: C:\ST\STM32CubeIDE_1.19.0\STM32CubeIDE\plugins\com.st.stm32cube.common.mx_6.15.0.202507011659
2026-01-24 16:43:41,193 [INFO] DbMcusXml:78 - Set database path to: C:\ST\STM32CubeIDE_1.19.0\STM32CubeIDE\plugins\com.st.stm32cube.common.mx_6.15.0.202507011659\\db\/mcu/
2026-01-24 16:43:41,193 [INFO] ApiDb:274 - Set plugin database path to: C:\ST\STM32CubeIDE_1.19.0\STM32CubeIDE\plugins\com.st.stm32cube.common.mx_6.15.0.202507011659\\db\/plugins/boardmanager/
2026-01-24 16:43:41,193 [WARN] ApiDb:259 - Overriding images path with different value:  => C:\ST\STM32CubeIDE_1.19.0\STM32CubeIDE\plugins\com.st.stm32cube.common.mx_6.15.0.202507011659\\db\/plugins/mcufinder/images/
2026-01-24 16:43:41,201 [INFO] ApiDb:250 - Set database path to: C:\Users\melod\.stmcufinder\plugins\mcufinder//mcu/
2026-01-24 16:43:41,202 [INFO] DbMcusAds:125 - Set database path to: C:\Users\melod\.stmcufinder\plugins\mcufinder//mcu/
2026-01-24 16:43:41,205 [INFO] CrossReferenceDbSqlite:203 - Set database path to: C:\Users\melod\.stmcufinder\plugins\mcufinder//mcu/cs/
2026-01-24 16:43:41,356 [INFO] RulesReader:64 - Compatibility file has been processed (317 Rules)
2026-01-24 16:43:41,473 [INFO] DbMcusXml:78 - Set database path to: C:\ST\STM32CubeIDE_1.19.0\STM32CubeIDE\plugins\com.st.stm32cube.common.mx_6.15.0.202507011659\\db\/mcu/
2026-01-24 16:43:41,473 [INFO] ApiDb:274 - Set plugin database path to: C:\ST\STM32CubeIDE_1.19.0\STM32CubeIDE\plugins\com.st.stm32cube.common.mx_6.15.0.202507011659\\db\/plugins/boardmanager/
2026-01-24 16:43:41,473 [INFO] ApiDb:261 - Set plugin images path to: C:\ST\STM32CubeIDE_1.19.0\STM32CubeIDE\plugins\com.st.stm32cube.common.mx_6.15.0.202507011659\\db\/plugins/mcufinder/images/
2026-01-24 16:43:41,473 [WARN] DbFile:41 - Overriding database path with different value: C:\Users\melod\.stmcufinder\plugins\mcufinder/ => C:\Users\melod\.stmcufinder\plugins\mcufinder
2026-01-24 16:43:41,473 [INFO] ApiDb:250 - Set database path to: C:\Users\melod\.stmcufinder\plugins\mcufinder//mcu/
2026-01-24 16:43:41,473 [WARN] DbFile:41 - Overriding database path with different value: C:\Users\melod\.stmcufinder\plugins\mcufinder/ => C:\Users\melod\.stmcufinder\plugins\mcufinder
2026-01-24 16:43:41,473 [INFO] DbMcusAds:125 - Set database path to: C:\Users\melod\.stmcufinder\plugins\mcufinder//mcu/
2026-01-24 16:43:41,474 [WARN] DbFile:41 - Overriding database path with different value: C:\Users\melod\.stmcufinder\plugins\mcufinder/ => C:\Users\melod\.stmcufinder\plugins\mcufinder
2026-01-24 16:43:41,474 [WARN] DbFile:41 - Overriding database path with different value: C:\Users\melod\.stmcufinder\plugins\mcufinder/ => C:\Users\melod\.stmcufinder\plugins\mcufinder
2026-01-24 16:43:41,474 [INFO] CrossReferenceDbSqlite:203 - Set database path to: C:\Users\melod\.stmcufinder\plugins\mcufinder//mcu/cs/
2026-01-24 16:43:41,575 [INFO] MainPanel:274 - HeapMemory: 268435456
2026-01-24 16:43:41,740 [INFO] DbMcusXml:78 - Set database path to: C:\ST\STM32CubeIDE_1.19.0\STM32CubeIDE\plugins\com.st.stm32cube.common.mx_6.15.0.202507011659\\db\/mcu/
2026-01-24 16:43:41,740 [INFO] ApiDb:274 - Set plugin database path to: C:\ST\STM32CubeIDE_1.19.0\STM32CubeIDE\plugins\com.st.stm32cube.common.mx_6.15.0.202507011659\\db\/plugins/boardmanager/
2026-01-24 16:43:41,740 [INFO] ApiDb:261 - Set plugin images path to: C:\ST\STM32CubeIDE_1.19.0\STM32CubeIDE\plugins\com.st.stm32cube.common.mx_6.15.0.202507011659\\db\/plugins/mcufinder/images/
2026-01-24 16:43:41,740 [WARN] DbFile:41 - Overriding database path with different value: C:\Users\melod\.stmcufinder\plugins\mcufinder/ => C:\Users\melod\.stmcufinder\plugins\mcufinder
2026-01-24 16:43:41,741 [INFO] ApiDb:250 - Set database path to: C:\Users\melod\.stmcufinder\plugins\mcufinder//mcu/
2026-01-24 16:43:41,741 [WARN] DbFile:41 - Overriding database path with different value: C:\Users\melod\.stmcufinder\plugins\mcufinder/ => C:\Users\melod\.stmcufinder\plugins\mcufinder
2026-01-24 16:43:41,741 [INFO] DbMcusAds:125 - Set database path to: C:\Users\melod\.stmcufinder\plugins\mcufinder//mcu/
2026-01-24 16:43:41,741 [WARN] DbFile:41 - Overriding database path with different value: C:\Users\melod\.stmcufinder\plugins\mcufinder/ => C:\Users\melod\.stmcufinder\plugins\mcufinder
2026-01-24 16:43:41,741 [WARN] DbFile:41 - Overriding database path with different value: C:\Users\melod\.stmcufinder\plugins\mcufinder/ => C:\Users\melod\.stmcufinder\plugins\mcufinder
2026-01-24 16:43:41,741 [INFO] CrossReferenceDbSqlite:203 - Set database path to: C:\Users\melod\.stmcufinder\plugins\mcufinder//mcu/cs/
2026-01-24 16:43:41,767 [INFO] ApplicationProperties:184 - Using Application install path: C:\ST\STM32CubeIDE_1.19.0\STM32CubeIDE\plugins\com.st.stm32cube.common.mx_6.15.0.202507011659
2026-01-24 16:43:41,769 [INFO] PluginManage:196 - Search for loadable plugins [exclusion list=, ]
2026-01-24 16:43:41,772 [INFO] PluginManage:310 - Check plugin analytics
2026-01-24 16:43:42,037 [INFO] AnalyticsPlugin:253 - Accepted Software Licenses: STM32CubeMX.6.15.0
2026-01-24 16:43:42,037 [INFO] AnalyticsPlugin:255 - Accepted CMSIS Pack Licenses: 
2026-01-24 16:43:42,038 [INFO] AnalyticsPlugin:257 - Accepted Firmware Licenses: FW.WB.1.23.0,FW.F4.1.28.0,FW.C0.1.4.0
2026-01-24 16:43:42,038 [INFO] PluginManage:359 - Loaded plugin analytics (category:tool,tabindex:-1)
2026-01-24 16:43:42,038 [INFO] PluginManage:310 - Check plugin cadmodel
2026-01-24 16:43:42,044 [INFO] CADModel:105 - Init CAD model plugin
2026-01-24 16:43:42,044 [INFO] PluginManage:359 - Loaded plugin cadmodel (category:power,tabindex:5)
2026-01-24 16:43:42,044 [INFO] PluginManage:310 - Check plugin clock
2026-01-24 16:43:42,056 [INFO] PluginManage:359 - Loaded plugin clock (category:base,tabindex:2)
2026-01-24 16:43:42,056 [INFO] PluginManage:310 - Check plugin ddr
2026-01-24 16:43:42,061 [INFO] PluginManage:359 - Loaded plugin ddr (category:tool,tabindex:6)
2026-01-24 16:43:42,061 [INFO] PluginManage:310 - Check plugin filemanager
2026-01-24 16:43:42,228 [INFO] PluginManage:359 - Loaded plugin filemanager (category:base,tabindex:10)
2026-01-24 16:43:42,228 [INFO] PluginManage:310 - Check plugin ipmanager
2026-01-24 16:43:42,239 [INFO] PluginManage:359 - Loaded plugin ipmanager (category:base,tabindex:5)
2026-01-24 16:43:42,239 [INFO] PluginManage:310 - Check plugin lpbam
2026-01-24 16:43:42,250 [INFO] PluginManage:359 - Loaded plugin lpbam (category:base,tabindex:0)
2026-01-24 16:43:42,250 [INFO] PluginManage:310 - Check plugin memorymap
2026-01-24 16:43:42,271 [INFO] PluginManage:359 - Loaded plugin memorymap (category:base,tabindex:4)
2026-01-24 16:43:42,271 [INFO] PluginManage:310 - Check plugin pinoutandconfiguration
2026-01-24 16:43:42,282 [INFO] PluginManage:359 - Loaded plugin pinoutandconfiguration (category:base,tabindex:1)
2026-01-24 16:43:42,282 [INFO] PluginManage:310 - Check plugin pinoutconfig
2026-01-24 16:43:42,387 [WARN] SupportedApi:132 - Cannot load RTOS API schema: s4s-elt-must-match.1: The content of 'definitions' must match (annotation?, (simpleType | complexType)?, (unique | key | keyref)*)). A problem was found starting at: attribute.
2026-01-24 16:43:42,555 [INFO] PluginManage:359 - Loaded plugin pinoutconfig (category:base,tabindex:0)
2026-01-24 16:43:42,557 [INFO] PluginManage:310 - Check plugin power
2026-01-24 16:43:42,565 [INFO] PluginManage:359 - Loaded plugin power (category:power,tabindex:4)
2026-01-24 16:43:42,565 [INFO] PluginManage:310 - Check plugin projectmanager
2026-01-24 16:43:42,584 [INFO] PluginManage:359 - Loaded plugin projectmanager (category:projectmanager,tabindex:4)
2026-01-24 16:43:42,584 [INFO] PluginManage:310 - Check plugin rif
2026-01-24 16:43:42,602 [INFO] PluginManage:359 - Loaded plugin rif (category:base,tabindex:3)
2026-01-24 16:43:42,602 [INFO] PluginManage:310 - Check plugin thirdparty
2026-01-24 16:43:42,771 [INFO] PluginManage:359 - Loaded plugin thirdparty (category:base,tabindex:-1)
2026-01-24 16:43:42,771 [WARN] IntegrityCheckThread:84 - waiting for thirdparty lock release [integrity check]
2026-01-24 16:43:42,771 [INFO] PluginManage:310 - Check plugin tools
2026-01-24 16:43:42,771 [INFO] IntegrityCheckThread:86 - entering critical section [integrity check]
2026-01-24 16:43:42,771 [INFO] ThirdPartyUpdaterWithRetryManager:70 - Updater plugin not ready yet. [1/15]
2026-01-24 16:43:42,774 [INFO] PluginManage:359 - Loaded plugin tools (category:base,tabindex:7)
2026-01-24 16:43:42,774 [INFO] PluginManage:310 - Check plugin tutovideos
2026-01-24 16:43:43,046 [INFO] PluginManage:359 - Loaded plugin tutovideos (category:base,tabindex:-1)
2026-01-24 16:43:43,046 [INFO] PluginManage:310 - Check plugin updater
2026-01-24 16:43:43,068 [INFO] PluginManage:359 - Loaded plugin updater (category:base,tabindex:12)
2026-01-24 16:43:43,068 [INFO] PluginManage:310 - Check plugin userauth
2026-01-24 16:43:43,074 [INFO] UserAuth:118 - Init User Auth plugin
2026-01-24 16:43:43,075 [INFO] PluginManage:359 - Loaded plugin userauth (category:base,tabindex:14)
2026-01-24 16:43:43,077 [INFO] PluginManage:283 - PluginManage : Loaded plugins [18]
2026-01-24 16:43:43,347 [INFO] PinOutPanel:1589 - setPackage(No Configuration,No Configuration)
2026-01-24 16:43:43,467 [INFO] CADModel:165 - CPN selected for project level
2026-01-24 16:43:43,467 [INFO] CADModel:114 - Register for checkConnection events
2026-01-24 16:43:43,490 [INFO] IPUIPlugin:80 - create IPUIPlugin
2026-01-24 16:43:43,490 [INFO] PluginManager:220 - loadIPPluginJar : add adc
2026-01-24 16:43:43,513 [INFO] IPUIPlugin:80 - create IPUIPlugin
2026-01-24 16:43:43,513 [INFO] PluginManager:220 - loadIPPluginJar : add aes
2026-01-24 16:43:43,520 [INFO] IPUIPlugin:80 - create IPUIPlugin
2026-01-24 16:43:43,520 [INFO] PluginManager:220 - loadIPPluginJar : add can
2026-01-24 16:43:43,524 [INFO] IPUIPlugin:80 - create IPUIPlugin
2026-01-24 16:43:43,524 [INFO] PluginManager:220 - loadIPPluginJar : add comp
2026-01-24 16:43:43,527 [INFO] IPUIPlugin:80 - create IPUIPlugin
2026-01-24 16:43:43,527 [INFO] PluginManager:220 - loadIPPluginJar : add cryp
2026-01-24 16:43:43,534 [INFO] IPUIPlugin:80 - create IPUIPlugin
2026-01-24 16:43:43,534 [INFO] PluginManager:220 - loadIPPluginJar : add ddr_ctrl_phy
2026-01-24 16:43:43,539 [INFO] IPUIPlugin:80 - create IPUIPlugin
2026-01-24 16:43:43,540 [INFO] PluginManager:220 - loadIPPluginJar : add dfsdm
2026-01-24 16:43:43,549 [INFO] IPUIPlugin:80 - create IPUIPlugin
2026-01-24 16:43:43,550 [INFO] PluginManager:220 - loadIPPluginJar : add dma
2026-01-24 16:43:43,554 [INFO] IPUIPlugin:80 - create IPUIPlugin
2026-01-24 16:43:43,554 [INFO] PluginManager:220 - loadIPPluginJar : add dma3
2026-01-24 16:43:43,558 [INFO] IPUIPlugin:80 - create IPUIPlugin
2026-01-24 16:43:43,558 [INFO] PluginManager:220 - loadIPPluginJar : add extmemmanager
2026-01-24 16:43:43,561 [INFO] IPUIPlugin:80 - create IPUIPlugin
2026-01-24 16:43:43,562 [INFO] PluginManager:220 - loadIPPluginJar : add fatfs
2026-01-24 16:43:43,566 [INFO] IPUIPlugin:80 - create IPUIPlugin
2026-01-24 16:43:43,566 [INFO] PluginManager:220 - loadIPPluginJar : add fmc
2026-01-24 16:43:43,571 [INFO] IPUIPlugin:80 - create IPUIPlugin
2026-01-24 16:43:43,572 [INFO] PluginManager:220 - loadIPPluginJar : add freertos
2026-01-24 16:43:43,573 [INFO] IPUIPlugin:80 - create IPUIPlugin
2026-01-24 16:43:43,573 [INFO] PluginManager:220 - loadIPPluginJar : add genericplugin
2026-01-24 16:43:43,577 [INFO] IPUIPlugin:80 - create IPUIPlugin
2026-01-24 16:43:43,577 [INFO] PluginManager:220 - loadIPPluginJar : add gfxmmu
2026-01-24 16:43:43,582 [INFO] IPUIPlugin:80 - create IPUIPlugin
2026-01-24 16:43:43,582 [INFO] PluginManager:220 - loadIPPluginJar : add gic
2026-01-24 16:43:43,586 [INFO] IPUIPlugin:80 - create IPUIPlugin
2026-01-24 16:43:43,586 [INFO] PluginManager:220 - loadIPPluginJar : add gpio
2026-01-24 16:43:43,589 [INFO] IPUIPlugin:80 - create IPUIPlugin
2026-01-24 16:43:43,589 [INFO] PluginManager:220 - loadIPPluginJar : add gtzc
2026-01-24 16:43:43,594 [INFO] IPUIPlugin:80 - create IPUIPlugin
2026-01-24 16:43:43,594 [INFO] PluginManager:220 - loadIPPluginJar : add hash
2026-01-24 16:43:43,598 [INFO] IPUIPlugin:80 - create IPUIPlugin
2026-01-24 16:43:43,598 [INFO] PluginManager:220 - loadIPPluginJar : add i2c
2026-01-24 16:43:43,601 [INFO] IPUIPlugin:80 - create IPUIPlugin
2026-01-24 16:43:43,602 [INFO] PluginManager:220 - loadIPPluginJar : add i2s
2026-01-24 16:43:43,604 [INFO] IPUIPlugin:80 - create IPUIPlugin
2026-01-24 16:43:43,605 [INFO] PluginManager:220 - loadIPPluginJar : add i3c
2026-01-24 16:43:43,609 [INFO] IPUIPlugin:80 - create IPUIPlugin
2026-01-24 16:43:43,609 [INFO] PluginManager:220 - loadIPPluginJar : add ipddr
2026-01-24 16:43:43,618 [INFO] IPUIPlugin:80 - create IPUIPlugin
2026-01-24 16:43:43,618 [INFO] PluginManager:220 - loadIPPluginJar : add linkedlist
2026-01-24 16:43:43,622 [INFO] IPUIPlugin:80 - create IPUIPlugin
2026-01-24 16:43:43,622 [INFO] PluginManager:220 - loadIPPluginJar : add lorawan
2026-01-24 16:43:43,623 [INFO] IPUIPlugin:80 - create IPUIPlugin
2026-01-24 16:43:43,623 [INFO] PluginManager:220 - loadIPPluginJar : add ltdc
2026-01-24 16:43:43,630 [INFO] IPUIPlugin:80 - create IPUIPlugin
2026-01-24 16:43:43,630 [INFO] PluginManager:220 - loadIPPluginJar : add mdma
2026-01-24 16:43:43,635 [INFO] IPUIPlugin:80 - create IPUIPlugin
2026-01-24 16:43:43,635 [INFO] PluginManager:220 - loadIPPluginJar : add nvic
2026-01-24 16:43:43,639 [INFO] IPUIPlugin:80 - create IPUIPlugin
2026-01-24 16:43:43,639 [INFO] PluginManager:220 - loadIPPluginJar : add opamp
2026-01-24 16:43:43,643 [INFO] IPUIPlugin:80 - create IPUIPlugin
2026-01-24 16:43:43,643 [INFO] PluginManager:220 - loadIPPluginJar : add openamp
2026-01-24 16:43:43,647 [INFO] IPUIPlugin:80 - create IPUIPlugin
2026-01-24 16:43:43,647 [INFO] PluginManager:220 - loadIPPluginJar : add pdm2pcm
2026-01-24 16:43:43,655 [INFO] IPUIPlugin:80 - create IPUIPlugin
2026-01-24 16:43:43,658 [INFO] PluginManager:220 - loadIPPluginJar : add plateformsettings
2026-01-24 16:43:43,660 [INFO] IPUIPlugin:80 - create IPUIPlugin
2026-01-24 16:43:43,661 [INFO] PluginManager:220 - loadIPPluginJar : add quadspi
2026-01-24 16:43:43,663 [INFO] IPUIPlugin:80 - create IPUIPlugin
2026-01-24 16:43:43,663 [INFO] PluginManager:220 - loadIPPluginJar : add radio
2026-01-24 16:43:43,668 [INFO] IPUIPlugin:80 - create IPUIPlugin
2026-01-24 16:43:43,669 [INFO] PluginManager:220 - loadIPPluginJar : add resmgrutility
2026-01-24 16:43:43,673 [INFO] IPUIPlugin:80 - create IPUIPlugin
2026-01-24 16:43:43,673 [INFO] PluginManager:220 - loadIPPluginJar : add sai
2026-01-24 16:43:43,677 [INFO] IPUIPlugin:80 - create IPUIPlugin
2026-01-24 16:43:43,677 [INFO] PluginManager:220 - loadIPPluginJar : add spi
2026-01-24 16:43:43,683 [INFO] IPUIPlugin:80 - create IPUIPlugin
2026-01-24 16:43:43,683 [INFO] PluginManager:220 - loadIPPluginJar : add stm32_wpan
2026-01-24 16:43:43,686 [INFO] IPUIPlugin:80 - create IPUIPlugin
2026-01-24 16:43:43,686 [INFO] PluginManager:220 - loadIPPluginJar : add tim
2026-01-24 16:43:43,691 [INFO] IPUIPlugin:80 - create IPUIPlugin
2026-01-24 16:43:43,691 [INFO] PluginManager:220 - loadIPPluginJar : add touchsensing
2026-01-24 16:43:43,694 [INFO] IPUIPlugin:80 - create IPUIPlugin
2026-01-24 16:43:43,694 [INFO] PluginManager:220 - loadIPPluginJar : add tracer_emb
2026-01-24 16:43:43,697 [INFO] IPUIPlugin:80 - create IPUIPlugin
2026-01-24 16:43:43,697 [INFO] PluginManager:220 - loadIPPluginJar : add ts
2026-01-24 16:43:43,698 [INFO] IPUIPlugin:80 - create IPUIPlugin
2026-01-24 16:43:43,699 [INFO] PluginManager:220 - loadIPPluginJar : add tsc
2026-01-24 16:43:43,700 [INFO] IPUIPlugin:80 - create IPUIPlugin
2026-01-24 16:43:43,702 [INFO] PluginManager:220 - loadIPPluginJar : add ucpd
2026-01-24 16:43:43,704 [INFO] IPUIPlugin:80 - create IPUIPlugin
2026-01-24 16:43:43,704 [INFO] PluginManager:220 - loadIPPluginJar : add usart
2026-01-24 16:43:43,708 [INFO] IPUIPlugin:80 - create IPUIPlugin
2026-01-24 16:43:43,708 [INFO] PluginManager:220 - loadIPPluginJar : add usbx
2026-01-24 16:43:43,853 [FATAL] Updater:351 - Updater called before beeing initialized
2026-01-24 16:43:43,885 [INFO] RulesReader:64 - Compatibility file has been processed (317 Rules)
2026-01-24 16:43:43,899 [INFO] RulesReader:64 - Compatibility file has been processed (317 Rules)
2026-01-24 16:43:43,910 [INFO] CADModel:165 - CPN selected for project level
2026-01-24 16:43:43,910 [INFO] CADModel:114 - Register for checkConnection events
2026-01-24 16:43:43,910 [FATAL] Updater:351 - Updater called before beeing initialized
2026-01-24 16:43:43,910 [ERROR] CADModel:125 - Updater not yet initialized, retry later 
2026-01-24 16:43:44,120 [FATAL] Updater:351 - Updater called before beeing initialized
2026-01-24 16:43:44,123 [INFO] CADModel:165 - CPN selected for project level
2026-01-24 16:43:44,123 [INFO] CADModel:114 - Register for checkConnection events
2026-01-24 16:43:44,123 [FATAL] Updater:351 - Updater called before beeing initialized
2026-01-24 16:43:44,123 [ERROR] CADModel:125 - Updater not yet initialized, retry later 
2026-01-24 16:43:44,127 [FATAL] Updater:351 - Updater called before beeing initialized
2026-01-24 16:43:44,256 [FATAL] Updater:351 - Updater called before beeing initialized
2026-01-24 16:43:44,261 [INFO] DbMcusAds:53 - JSON generation date=Thu Jan 08 09:57:51 CST 2026 (1767887871456)
2026-01-24 16:43:44,261 [FATAL] Updater:351 - Updater called before beeing initialized
2026-01-24 16:43:44,302 [WARN] DetailPanel:346 - Failed to get advertising image, set to default
2026-01-24 16:43:44,441 [FATAL] Updater:351 - Updater called before beeing initialized
2026-01-24 16:43:44,443 [FATAL] Updater:351 - Updater called before beeing initialized
2026-01-24 16:43:44,444 [FATAL] Updater:351 - Updater called before beeing initialized
2026-01-24 16:43:44,444 [WARN] DetailPanel:346 - Failed to get advertising image, set to default
2026-01-24 16:43:44,445 [FATAL] Updater:351 - Updater called before beeing initialized
2026-01-24 16:43:44,509 [ERROR] Updater:1198 - MainUpdater not yet initialized. External WinMGr cannot be set.
2026-01-24 16:43:44,514 [INFO] Updater:1134 - Updater Version found : 6.15.0
2026-01-24 16:43:44,531 [INFO] ApplicationProperties:184 - Using Application install path: C:\ST\STM32CubeIDE_1.19.0\STM32CubeIDE\plugins\com.st.stm32cube.common.mx_6.15.0.202507011659
2026-01-24 16:43:44,871 [INFO] MainUpdater:2872 - connection check result : 10
2026-01-24 16:43:44,872 [INFO] MainUpdater:289 - Updater Check For Update Now.
2026-01-24 16:43:44,872 [INFO] MicroXplorer:498 - Change Database Version : DB.6.0.150
2026-01-24 16:43:44,881 [INFO] McuFinderGlobals:63 - Set McuFinder mode to 2 (CubeIDE integrated)
2026-01-24 16:43:44,882 [INFO] UserAuth:487 - Internet connection configuration mode: 1
2026-01-24 16:43:44,912 [INFO] JxBrowserEngine:152 - Initiate JxBrowser Engine with user profile folder
2026-01-24 16:43:45,069 [INFO] CheckServerUpdateThread:120 - End of CheckServer Thread
2026-01-24 16:43:46,079 [INFO] WebApp:169 - Instantiating new browser for Auth
2026-01-24 16:43:46,130 [WARN] PackLoader:240 - Cannot read IP mode file for STMicroelectronics.FP-SNS-MOTENVWB1.1.4.0
2026-01-24 16:43:46,145 [WARN] PackLoader:240 - Cannot read IP mode file for STMicroelectronics.FP-ATR-ASTRA1.2.0.2
2026-01-24 16:43:46,157 [WARN] PackLoader:240 - Cannot read IP mode file for STMicroelectronics.X-CUBE-SMBUS.2.1.0
2026-01-24 16:43:46,223 [WARN] PackLoader:240 - Cannot read IP mode file for STMicroelectronics.X-CUBE-AZRTOS-F7.1.1.0
2026-01-24 16:43:46,239 [WARN] PackLoader:240 - Cannot read IP mode file for Cesanta.I-CUBE-Mongoose.7.19.0
2026-01-24 16:43:46,260 [WARN] PackLoader:240 - Cannot read IP mode file for STMicroelectronics.FP-SNS-MOTENV1.5.1.0
2026-01-24 16:43:46,329 [WARN] PackLoader:240 - Cannot read IP mode file for WES.I-CUBE-Cesium.1.4.0
2026-01-24 16:43:46,365 [WARN] PackLoader:240 - Cannot read IP mode file for Infineon.AIROC-Wi-Fi-Bluetooth-STM32.1.7.1
2026-01-24 16:43:46,405 [WARN] PackLoader:240 - Cannot read IP mode file for STMicroelectronics.X-CUBE-AZRTOS-H7.3.4.0
2026-01-24 16:43:46,419 [WARN] PackLoader:240 - Cannot read IP mode file for STMicroelectronics.X-CUBE-DISPLAY.3.0.0
2026-01-24 16:43:46,431 [WARN] PackLoader:240 - Cannot read IP mode file for STMicroelectronics.X-CUBE-NFC10.1.0.0
2026-01-24 16:43:46,439 [WARN] PackLoader:240 - Cannot read IP mode file for STMicroelectronics.X-CUBE-ST60.1.1.0
2026-01-24 16:43:46,445 [WARN] PackLoader:240 - Cannot read IP mode file for emotas.I-CUBE-CANOPEN.1.3.0
2026-01-24 16:43:46,453 [WARN] PackLoader:240 - Cannot read IP mode file for STMicroelectronics.X-CUBE-GNSS1.7.1.0
2026-01-24 16:43:46,463 [WARN] PackLoader:240 - Cannot read IP mode file for STMicroelectronics.FP-SNS-STBOX1.2.1.0
2026-01-24 16:43:46,470 [WARN] PackLoader:240 - Cannot read IP mode file for STMicroelectronics.FP-SNS-SMARTAG2.1.2.0
2026-01-24 16:43:46,475 [WARN] PackLoader:240 - Cannot read IP mode file for STMicroelectronics.FP-SNS-FLIGHT1.5.1.0
2026-01-24 16:43:46,487 [INFO] LogOutputStream:77 - [STDOUT_REDIRECT] 1 : Invalid condition id : UX_CORESTACK_Condition cause : null
2026-01-24 16:43:46,487 [INFO] LogOutputStream:77 - [STDOUT_REDIRECT] 1 : Invalid condition id : UX_CORESTACK_Condition cause : null
2026-01-24 16:43:46,489 [INFO] LogOutputStream:77 - [STDOUT_REDIRECT] 1 : Invalid condition id : UX_CORESTACK_Condition cause : null
2026-01-24 16:43:46,490 [INFO] LogOutputStream:77 - [STDOUT_REDIRECT] 1 : Invalid condition id : UX_CORESTACK_Condition cause : null
2026-01-24 16:43:46,492 [INFO] LogOutputStream:77 - [STDOUT_REDIRECT] 1 : Invalid condition id : UX_CORESTACK_Condition cause : null
2026-01-24 16:43:46,494 [WARN] PackLoader:240 - Cannot read IP mode file for STMicroelectronics.X-CUBE-AZRTOS-WL.2.0.0
2026-01-24 16:43:46,522 [WARN] PackLoader:240 - Cannot read IP mode file for STMicroelectronics.X-CUBE-AZRTOS-H7RS.1.2.0
2026-01-24 16:43:46,530 [WARN] PackLoader:240 - Cannot read IP mode file for STMicroelectronics.X-CUBE-BLE2.3.3.0
2026-01-24 16:43:46,552 [WARN] PackLoader:240 - Cannot read IP mode file for STMicroelectronics.X-CUBE-NFC9.1.0.0
2026-01-24 16:43:46,559 [WARN] PackLoader:240 - Cannot read IP mode file for wolfSSL.I-CUBE-wolfSSL.5.8.2
2026-01-24 16:43:46,565 [WARN] PackLoader:240 - Cannot read IP mode file for STMicroelectronics.X-CUBE-BLE1.7.1.0
2026-01-24 16:43:46,571 [WARN] PackLoader:240 - Cannot read IP mode file for wolfSSL.I-CUBE-wolfMQTT.1.19.2
2026-01-24 16:43:46,579 [WARN] PackLoader:240 - Cannot read IP mode file for STMicroelectronics.X-CUBE-FREERTOS.1.4.0
2026-01-24 16:43:46,585 [WARN] PackLoader:240 - Cannot read IP mode file for STMicroelectronics.X-CUBE-EEPRMA1.5.2.0
2026-01-24 16:43:46,594 [WARN] PackLoader:240 - Cannot read IP mode file for STMicroelectronics.X-CUBE-ST67W61.1.1.0
2026-01-24 16:43:46,634 [WARN] PackLoader:240 - Cannot read IP mode file for STMicroelectronics.X-CUBE-MEMS1.12.0.0
2026-01-24 16:43:46,728 [WARN] PackLoader:240 - Cannot read IP mode file for STMicroelectronics.X-CUBE-AZRTOS-G0.1.1.0
2026-01-24 16:43:46,737 [WARN] PackLoader:240 - Cannot read IP mode file for STMicroelectronics.X-CUBE-SAFEA1.1.2.2
2026-01-24 16:43:46,746 [WARN] PackLoader:240 - Cannot read IP mode file for STMicroelectronics.X-CUBE-NFC4.3.0.0
2026-01-24 16:43:46,757 [WARN] PackLoader:240 - Cannot read IP mode file for EmbeddedOffice.I-CUBE-FS-RTOS.1.0.1
2026-01-24 16:43:46,765 [WARN] PackLoader:240 - Cannot read IP mode file for STMicroelectronics.X-CUBE-WB05N.2.0.0
2026-01-24 16:43:46,771 [WARN] PackLoader:240 - Cannot read IP mode file for wolfSSL.I-CUBE-wolfTPM.3.8.0
2026-01-24 16:43:46,778 [WARN] PackLoader:240 - Cannot read IP mode file for STMicroelectronics.X-CUBE-TCPP.4.2.0
2026-01-24 16:43:46,787 [WARN] PackLoader:240 - Cannot read IP mode file for RealThread.X-CUBE-RT-Thread_Nano.4.1.1
2026-01-24 16:43:46,792 [WARN] PackLoader:240 - Cannot read IP mode file for STMicroelectronics.FP-ATR-SIGFOX1.3.2.0
2026-01-24 16:43:46,800 [WARN] PackLoader:240 - Cannot read IP mode file for ITTIA_DB.I-CUBE-ITTIADB.8.9.0
2026-01-24 16:43:46,808 [WARN] PackLoader:240 - Cannot read IP mode file for STMicroelectronics.X-CUBE-NFC6.3.2.0
2026-01-24 16:43:46,816 [WARN] PackLoader:240 - Cannot read IP mode file for STMicroelectronics.X-CUBE-AI.10.2.0
2026-01-24 16:43:46,845 [WARN] PackLoader:240 - Cannot read IP mode file for SEGGER.I-CUBE-embOS.1.3.1
2026-01-24 16:43:46,885 [WARN] PackLoader:240 - Cannot read IP mode file for STMicroelectronics.X-CUBE-ALGOBUILD.1.4.0
2026-01-24 16:43:46,933 [WARN] PackLoader:240 - Cannot read IP mode file for STMicroelectronics.X-CUBE-MEMS1.11.3.0
2026-01-24 16:43:47,105 [WARN] PackLoader:240 - Cannot read IP mode file for STMicroelectronics.X-CUBE-PM33A1.1.0.0
2026-01-24 16:43:47,121 [WARN] PackLoader:240 - Cannot read IP mode file for STMicroelectronics.X-CUBE-AZRTOS-F4.1.1.0
2026-01-24 16:43:47,127 [WARN] PackLoader:240 - Cannot read IP mode file for STMicroelectronics.X-CUBE-ISPU.2.1.0
2026-01-24 16:43:47,144 [WARN] PackLoader:240 - Cannot read IP mode file for STMicroelectronics.X-CUBE-IPS.3.2.0
2026-01-24 16:43:47,175 [WARN] PackLoader:240 - Cannot read IP mode file for STMicroelectronics.X-CUBE-NFC12.1.0.0
2026-01-24 16:43:47,220 [WARN] PackLoader:240 - Cannot read IP mode file for STMicroelectronics.X-CUBE-AZRTOS-L5.2.0.0
2026-01-24 16:43:47,231 [WARN] PackLoader:240 - Cannot read IP mode file for STMicroelectronics.X-CUBE-NFC6.3.1.0
2026-01-24 16:43:47,243 [WARN] PackLoader:240 - Cannot read IP mode file for STMicroelectronics.X-CUBE-FREERTOS.1.3.1
2026-01-24 16:43:47,252 [WARN] PackLoader:240 - Cannot read IP mode file for STMicroelectronics.X-CUBE-TOUCHGFX.4.26.0
2026-01-24 16:43:47,259 [WARN] PackLoader:240 - Cannot read IP mode file for STMicroelectronics.FP-SNS-STAIOTCFT.1.0.0
2026-01-24 16:43:47,268 [WARN] PackLoader:240 - Cannot read IP mode file for STMicroelectronics.X-CUBE-DPower.1.3.0
2026-01-24 16:43:47,294 [WARN] ConditionMgr:438 - getConditionDescription Invalid condition id : LAN8742 Phy interface Condition cause : null
2026-01-24 16:43:47,295 [WARN] PackLoader:240 - Cannot read IP mode file for STMicroelectronics.X-CUBE-AZRTOS-L4.2.0.0
2026-01-24 16:43:47,298 [WARN] ConditionMgr:1044 - genDependencies : Invalid condition id : LAN8742 Phy interface Condition cause : null
2026-01-24 16:43:47,298 [WARN] ConditionMgr:1044 - genDependencies : Invalid condition id : LAN8742 Phy interface Condition cause : null
2026-01-24 16:43:47,300 [WARN] ConditionMgr:1044 - genDependencies : Invalid condition id : LAN8742 Phy interface Condition cause : null
2026-01-24 16:43:47,311 [WARN] PackLoader:240 - Cannot read IP mode file for STMicroelectronics.X-CUBE-SFXS2LP1.4.0.0
2026-01-24 16:43:47,321 [WARN] PackLoader:240 - Cannot read IP mode file for STMicroelectronics.X-CUBE-ST67W61.1.2.0
2026-01-24 16:43:47,335 [WARN] PackLoader:240 - Cannot read IP mode file for STMicroelectronics.X-CUBE-BLEMGR.4.1.0
2026-01-24 16:43:47,352 [WARN] ConditionMgr:438 - getConditionDescription Invalid condition id : UX DEVICE CLASS RTOS Condition cause : null
2026-01-24 16:43:47,352 [WARN] ConditionMgr:438 - getConditionDescription Invalid condition id : UX DEVICE CLASS RTOS Condition cause : null
2026-01-24 16:43:47,354 [WARN] PackLoader:240 - Cannot read IP mode file for STMicroelectronics.X-CUBE-AZRTOS-WB.2.0.0
2026-01-24 16:43:47,355 [WARN] ConditionMgr:1044 - genDependencies : Invalid condition id : UX DEVICE CLASS RTOS Condition cause : null
2026-01-24 16:43:47,357 [WARN] ConditionMgr:1044 - genDependencies : Invalid condition id : UX DEVICE CLASS RTOS Condition cause : null
2026-01-24 16:43:47,357 [WARN] ConditionMgr:1044 - genDependencies : Invalid condition id : UX DEVICE CLASS RTOS Condition cause : null
2026-01-24 16:43:47,358 [WARN] ConditionMgr:1044 - genDependencies : Invalid condition id : UX DEVICE CLASS RTOS Condition cause : null
2026-01-24 16:43:47,358 [WARN] ConditionMgr:1044 - genDependencies : Invalid condition id : UX DEVICE CLASS RTOS Condition cause : null
2026-01-24 16:43:47,365 [WARN] ConditionMgr:438 - getConditionDescription Invalid condition id : Cortex-A Device cause : null
2026-01-24 16:43:47,379 [WARN] ConditionMgr:1044 - genDependencies : Invalid condition id : Cortex-A Device cause : null
2026-01-24 16:43:47,379 [WARN] ConditionMgr:1044 - genDependencies : Invalid condition id : Cortex-A Device cause : null
2026-01-24 16:43:47,379 [WARN] ConditionMgr:1044 - genDependencies : Invalid condition id : Cortex-A Device cause : null
2026-01-24 16:43:47,387 [WARN] PackLoader:240 - Cannot read IP mode file for STMicroelectronics.X-CUBE-STSE01.2.0.0
2026-01-24 16:43:47,397 [INFO] WebApp:463 - Apply proxy settings
2026-01-24 16:43:47,398 [INFO] WebApp:548 - Chromium requires no authentication
2026-01-24 16:43:47,399 [WARN] PackLoader:240 - Cannot read IP mode file for STMicroelectronics.X-CUBE-SUBG2.5.0.0
2026-01-24 16:43:47,423 [WARN] PackLoader:240 - Cannot read IP mode file for STMicroelectronics.X-CUBE-AZRTOS-H7RS.1.1.0
2026-01-24 16:43:47,424 [INFO] WebApp:491 - Direct internet connection detected
2026-01-24 16:43:47,444 [WARN] PackLoader:240 - Cannot read IP mode file for STMicroelectronics.X-CUBE-AZRTOS-G4.2.0.0
2026-01-24 16:43:47,452 [WARN] PackLoader:240 - Cannot read IP mode file for wolfSSL.I-CUBE-wolfSSH.1.4.20
2026-01-24 16:43:47,461 [WARN] PackLoader:240 - Cannot read IP mode file for STMicroelectronics.X-CUBE-NFC7.2.0.0
2026-01-24 16:43:47,467 [WARN] PackLoader:240 - Cannot read IP mode file for STMicroelectronics.X-CUBE-ALS.1.0.2
2026-01-24 16:43:47,474 [WARN] PackLoader:240 - Cannot read IP mode file for STMicroelectronics.X-CUBE-STSE01.1.0.0
2026-01-24 16:43:47,475 [INFO] WebApp:900 - Register for checkConnection events
2026-01-24 16:43:47,475 [INFO] WebApp:463 - Apply proxy settings
2026-01-24 16:43:47,476 [INFO] WebApp:548 - Chromium requires no authentication
2026-01-24 16:43:47,476 [INFO] WebApp:491 - Direct internet connection detected
2026-01-24 16:43:47,486 [WARN] PackLoader:240 - Cannot read IP mode file for STMicroelectronics.X-CUBE-TOF1.3.4.3
2026-01-24 16:43:47,494 [INFO] ThirdParty:978 - Integrity check success = true
2026-01-24 16:43:47,494 [INFO] IntegrityCheckThread:100 - exiting critical section [integrity check]
2026-01-24 16:43:47,495 [INFO] IntegrityCheckThread:103 - End integrity checks thread
2026-01-24 16:43:47,655 [INFO] WebApp:191 - Connection restablished
2026-01-24 16:43:47,846 [INFO] WebApp:225 - Starting web application
2026-01-24 16:43:47,846 [INFO] WebApp:593 - Web application path used C:\ST\STM32CubeIDE_1.19.0\STM32CubeIDE\plugins\com.st.stm32cube.common.mx_6.15.0.202507011659\db\plugins\mcufinder\reactClient1\index.html
2026-01-24 16:43:48,001 [INFO] UserAuth:487 - Internet connection configuration mode: 1
2026-01-24 17:00:18,023 [INFO] McuFinderGlobals:63 - Set McuFinder mode to 2 (CubeIDE integrated)
2026-01-24 17:00:34,211 [INFO] MainUpdater:2872 - connection check result : 10
2026-01-24 17:00:34,213 [INFO] MainUpdater:2872 - connection check result : 10
2026-01-24 17:00:34,259 [INFO] MicroXplorer:468 - Change Database Path : 
2026-01-24 17:00:34,259 [INFO] MicroXplorer:498 - Change Database Version : DB.6.0.150
2026-01-24 17:00:34,267 [WARN] ThirdParty:871 - waiting for thirdparty lock release [close project]
2026-01-24 17:00:34,267 [INFO] ThirdParty:873 - entering critical section [close project]
2026-01-24 17:00:34,269 [INFO] ThirdParty:883 - exiting critical section [close project]
2026-01-24 17:00:34,273 [INFO] PinOutPanel:1589 - setPackage(No Configuration,No Configuration)
2026-01-24 17:00:34,275 [INFO] UtilMem:75 - Begin LoadConfig() Used Memory: 636188264 Bytes (1073741824)
2026-01-24 17:00:34,278 [INFO] MicroXplorer:468 - Change Database Path : 
2026-01-24 17:00:34,278 [INFO] MicroXplorer:498 - Change Database Version : DB.6.0.150
2026-01-24 17:00:34,278 [INFO] OpenFileManager:355 - Change cursor
2026-01-24 17:00:34,331 [INFO] Mcu:2029 - Initializing MCU STM32WB1MMCHx STM32WB1MMCHx STM32WB1MMCH6TR
2026-01-24 17:00:35,489 [INFO] Context:786 - Trying to add GPIOservice into a context  which must be forbidden
2026-01-24 17:00:36,018 [INFO] ImportTextPane:234 - (OptionalMessage_ERROR) Pin33 (VP_RIF_VS_RIF1) cannot be retrieved for this MCU
2026-01-24 17:00:36,231 [INFO] RtosManager:558 - Registered RTOS mode: class=CMSIS, group=RTOS, mode=CMSIS_V1, owner=FREERTOS
2026-01-24 17:00:36,232 [INFO] RtosManager:558 - Registered RTOS mode: class=CMSIS, group=RTOS2, mode=CMSIS_V2, owner=FREERTOS
2026-01-24 17:00:36,232 [INFO] RtosManager:558 - Registered RTOS mode: class=RTOS, group=Core, mode=CMSIS_V1, owner=FREERTOS
2026-01-24 17:00:36,232 [INFO] RtosManager:558 - Registered RTOS mode: class=RTOS, group=Core, mode=CMSIS_V2, owner=FREERTOS
2026-01-24 17:00:36,232 [WARN] ModelIntegratedComponent:184 - Missing modes for component STMicroelectronics:FreeRTOS:0.0.1:STMicroelectronics:RTOS:FreeRTOS:Core:::10.2.0:
2026-01-24 17:00:36,268 [WARN] ModelIntegratedComponent:63 - No mode defined for component null
2026-01-24 17:00:36,269 [WARN] ModelIntegratedComponent:63 - No mode defined for component null
2026-01-24 17:00:36,269 [WARN] ModelIntegratedComponent:63 - No mode defined for component null
2026-01-24 17:00:36,269 [WARN] ModelIntegratedComponent:63 - No mode defined for component null
2026-01-24 17:00:36,269 [WARN] ModelIntegratedComponent:63 - No mode defined for component null
2026-01-24 17:00:36,269 [WARN] ModelIntegratedComponent:63 - No mode defined for component null
2026-01-24 17:00:36,269 [WARN] ModelIntegratedComponent:63 - No mode defined for component null
2026-01-24 17:00:36,269 [WARN] ModelIntegratedComponent:63 - No mode defined for component null
2026-01-24 17:00:36,269 [WARN] ModelIntegratedComponent:63 - No mode defined for component null
2026-01-24 17:00:36,269 [WARN] ModelIntegratedComponent:63 - No mode defined for component null
2026-01-24 17:00:36,269 [WARN] ModelIntegratedComponent:63 - No mode defined for component null
2026-01-24 17:00:36,269 [WARN] ModelIntegratedComponent:63 - No mode defined for component null
2026-01-24 17:00:36,269 [WARN] ModelIntegratedComponent:63 - No mode defined for component null
2026-01-24 17:00:36,269 [WARN] ModelIntegratedComponent:63 - No mode defined for component null
2026-01-24 17:00:36,270 [WARN] ModelIntegratedComponent:63 - No mode defined for component null
2026-01-24 17:00:36,270 [WARN] ModelIntegratedComponent:63 - No mode defined for component null
2026-01-24 17:00:36,270 [WARN] ModelIntegratedComponent:63 - No mode defined for component null
2026-01-24 17:00:36,270 [WARN] ModelIntegratedComponent:63 - No mode defined for component null
2026-01-24 17:00:36,270 [WARN] ModelIntegratedComponent:63 - No mode defined for component null
2026-01-24 17:00:36,270 [WARN] ModelIntegratedComponent:63 - No mode defined for component null
2026-01-24 17:00:36,271 [WARN] ModelIntegratedComponent:63 - No mode defined for component null
2026-01-24 17:00:36,271 [WARN] ModelIntegratedComponent:63 - No mode defined for component null
2026-01-24 17:00:36,271 [WARN] ModelIntegratedComponent:63 - No mode defined for component null
2026-01-24 17:00:36,271 [WARN] ModelIntegratedComponent:63 - No mode defined for component null
2026-01-24 17:00:36,271 [WARN] ModelIntegratedComponent:63 - No mode defined for component null
2026-01-24 17:00:36,271 [WARN] ModelIntegratedComponent:63 - No mode defined for component null
2026-01-24 17:00:36,271 [WARN] ModelIntegratedComponent:63 - No mode defined for component null
2026-01-24 17:00:36,271 [WARN] ModelIntegratedComponent:63 - No mode defined for component null
2026-01-24 17:00:36,271 [WARN] ModelIntegratedComponent:63 - No mode defined for component null
2026-01-24 17:00:36,271 [WARN] ModelIntegratedComponent:63 - No mode defined for component null
2026-01-24 17:00:36,272 [WARN] ModelIntegratedComponent:63 - No mode defined for component null
2026-01-24 17:00:36,272 [WARN] ModelIntegratedComponent:63 - No mode defined for component null
2026-01-24 17:00:36,272 [WARN] ModelIntegratedComponent:63 - No mode defined for component null
2026-01-24 17:00:36,272 [WARN] ModelIntegratedComponent:63 - No mode defined for component null
2026-01-24 17:00:36,272 [WARN] ModelIntegratedComponent:63 - No mode defined for component null
2026-01-24 17:00:36,273 [WARN] ModelPack:524 - Component already loaded: STMicroelectronics:HAL Drivers:0.0.0:STMicroelectronics:Device:STMicro_Driver:XSPI:HAL::0.0.1:HAL_XSPI
2026-01-24 17:00:36,385 [INFO] ThirdPartyModel:298 - Start build external matchings
2026-01-24 17:00:36,924 [INFO] ThirdPartyModel:316 - End build external matchings
2026-01-24 17:00:37,006 [WARN] IP:2250 - SERVICE2_UUID not found: check if there is a RefParameter without a condition.
2026-01-24 17:00:37,013 [WARN] IP:2250 - SERVICE3_UUID not found: check if there is a RefParameter without a condition.
2026-01-24 17:00:37,019 [WARN] IP:2250 - SERVICE4_UUID not found: check if there is a RefParameter without a condition.
2026-01-24 17:00:37,025 [WARN] IP:2250 - SERVICE5_UUID not found: check if there is a RefParameter without a condition.
2026-01-24 17:00:37,048 [INFO] ImportTextPane:234 - (OptionalMessage_ERROR) IP (STM32_WPAN) : Invalid parameter (CFG_LSCLK_LSE)
2026-01-24 17:00:37,243 [INFO] ApiDb:581 - Connected to CubeFinder SQLite database (C:\Users\melod\.stmcufinder\plugins\mcufinder\mcu\cube-finder-db.db)
2026-01-24 17:00:37,352 [INFO] ApiDb:668 - CubeFinder database Data Model version=2.1
2026-01-24 17:00:37,352 [INFO] ApiDb:669 - CubeFinder database Configuration version=3.0.39
2026-01-24 17:00:37,353 [INFO] ApiDb:670 - CubeFinder database generation date=2025-11-05 (1762334721)
2026-01-24 17:00:37,353 [INFO] ApiDb:671 - CubeFinder database FW Pack versions=[FP-ATR-ASTRA1_V2.0.0, FP-SNS-FLIGHT1_V5.1.0, FP-SNS-MOTENV1_V5.1.0, FP-SNS-MOTENVWB1_V1.4.0, FP-SNS-SMARTAG2_V1.2.0, FP-SNS-STBOX1_V2.1.0, STM32Cube_FW_C0_V1.4.0, STM32Cube_FW_F4_V1.28.3, STM32Cube_FW_F7_V1.17.4, STM32Cube_FW_G0_V1.6.2, STM32Cube_FW_G4_V1.6.1, STM32Cube_FW_H5_V1.5.1, STM32Cube_FW_H7RS_V1.3.0, STM32Cube_FW_H7_V1.12.1, STM32Cube_FW_L0_V1.12.2, STM32Cube_FW_L4_V1.18.1, STM32Cube_FW_L5_V1.6.0, STM32Cube_FW_N6_V1.3.0, STM32Cube_FW_U0_V1.3.0, STM32Cube_FW_U3_V1.2.1, STM32Cube_FW_U5_V1.8.0, STM32Cube_FW_WB0_V1.4.0, STM32Cube_FW_WBA_V1.8.0, STM32Cube_FW_WB_V1.24.0, STM32Cube_FW_WL3_V1.3.0, STM32Cube_FW_WL_V1.4.0, X-CUBE-ALGOBUILD_V1.4.0, X-CUBE-ALS_V1.0.2, X-CUBE-AZRTOS-F4_V1.1.0, X-CUBE-AZRTOS-F7_V1.1.0, X-CUBE-AZRTOS-G0_V1.1.0, X-CUBE-AZRTOS-G4_V2.0.0, X-CUBE-AZRTOS-H7RS_V1.1.0, X-CUBE-AZRTOS-H7_V3.4.0, X-CUBE-AZRTOS-L4_V2.0.0, X-CUBE-AZRTOS-L5_V2.0.0, X-CUBE-AZRTOS-WB_V2.0.0, X-CUBE-AZRTOS-WL_V2.0.0, X-CUBE-BLE1_V7.1.0, X-CUBE-BLE2_V3.3.0, X-CUBE-BLEMGR_V4.1.0, X-CUBE-EEPRMA1_V5.2.0, X-CUBE-FREERTOS_V1.3.1, X-CUBE-GNSS1_V6.0.0, X-CUBE-MEMS1_V11.3.0, X-CUBE-NFC4_V3.0.0, X-CUBE-NFC7_V2.0.0, X-CUBE-SFXS2LP1_V4.0.0, X-CUBE-ST67W61_V1.1.0, X-CUBE-SUBG2_V5.0.0, X-CUBE-TOF1_V3.4.3]
2026-01-24 17:00:37,478 [INFO] DbBoardsSqlite:226 - include board P-NUCLEO-WB55-NUCLEO as a kit item of type 'Nucleo-64'
2026-01-24 17:00:37,478 [INFO] DbBoardsSqlite:226 - include board P-NUCLEO-WB55-USBDONGLE as a kit item of type 'Nucleo USB Dongle'
2026-01-24 17:00:37,479 [INFO] DbBoardsSqlite:226 - include board STEVAL-IDP005V1 as a kit item of type 'Evaluation Board'
2026-01-24 17:00:37,480 [INFO] DbBoardsSqlite:226 - include board STEVAL-IDP005V2 as a kit item of type 'Evaluation Board'
2026-01-24 17:00:37,998 [INFO] ApiDb:240 - Found 880 in-development CPN: [B-G473E-ZEST1S, B-WB1M-WPAN1, B-WBA5M-WPAN, B-WL5M-SUBG1, NUCLEO-C031C6, NUCLEO-C051C8, NUCLEO-C071RB, NUCLEO-C092RC, NUCLEO-H503RB, NUCLEO-H533RE, NUCLEO-H563ZI, NUCLEO-H7S3L8, NUCLEO-N657X0-Q, NUCLEO-U031R8, NUCLEO-U083RC, NUCLEO-U385RG-Q, NUCLEO-U545RE-Q, NUCLEO-U5A5ZJ-Q, NUCLEO-WB05KZ, NUCLEO-WB07CC, NUCLEO-WB09KE, NUCLEO-WBA52CG, NUCLEO-WBA55CG, NUCLEO-WL33CC1, NUCLEO-WL33CC2, STEVAL-PROTEUS1, STEVAL-SMARTAG2, STEVAL-STWINBX1, STM320518-EVAL, STM32C0116-DK, STM32C011D6Y3TR, STM32C011D6Y6TR, STM32C011F4P3, STM32C011F4P6, STM32C011F4U3, STM32C011F4U6TR, STM32C011F6P3, STM32C011F6P6, STM32C011F6U3, STM32C011F6U6TR, STM32C011J4M3, STM32C011J4M6, STM32C011J6M3, STM32C011J6M6, STM32C0316-DK, STM32C031C4T3, STM32C031C4T6, STM32C031C4U3, STM32C031C4U6, STM32C031C6T3, STM32C031C6T6, STM32C031C6U3, STM32C031C6U6, STM32C031F4P3, STM32C031F4P6, STM32C031F6P3, STM32C031F6P6, STM32C031G4U3, STM32C031G4U6, STM32C031G6U3, STM32C031G6U6, STM32C031K4T3, STM32C031K4T6, STM32C031K4U3, STM32C031K4U6, STM32C031K6T3, STM32C031K6T6, STM32C031K6U3, STM32C031K6U6, STM32C051C6T6, STM32C051C6U6, STM32C051C8T6, STM32C051C8U6, STM32C051D8Y6TR, STM32C051F6P6, STM32C051F8P6, STM32C051G6U6, STM32C051G8U6, STM32C051K6T6, STM32C051K6U6, STM32C051K8T6, STM32C071C8T6, STM32C071C8T6N, STM32C071C8U6, STM32C071C8U6N, STM32C071CBT6, STM32C071CBT6N, STM32C071CBU6, STM32C071CBU6N, STM32C071F8P6, STM32C071F8P6N, STM32C071FBP6, STM32C071FBP6N, STM32C071FBY6TR, STM32C071G8U6, STM32C071G8U6N, STM32C071GBU6, STM32C071GBU6N, STM32C071K8T6, STM32C071K8T6N, STM32C071K8U6, STM32C071K8U6N, STM32C071KBT6, STM32C071KBT6N, STM32C071KBU6, STM32C071KBU6N, STM32C071R8T6, STM32C071R8T6N, STM32C071RBI6N, STM32C071RBT6, STM32C071RBT6N, STM32C091CBT6, STM32C091CBU6, STM32C091CCT6, STM32C091CCU6, STM32C091ECY6TR, STM32C091FBP6, STM32C091FCP6, STM32C091GBU6, STM32C091GCU6, STM32C091KBT6, STM32C091KBU6, STM32C091KCT6, STM32C091KCU6, STM32C091RBT6, STM32C091RCI6, STM32C091RCT6, STM32C092CBT6, STM32C092CBU6, STM32C092CCT6, STM32C092CCU6, STM32C092ECY6TR, STM32C092FBP6, STM32C092FCP6, STM32C092GBU6, STM32C092GCU6, STM32C092KBT6, STM32C092KBU6, STM32C092KCT6, STM32C092KCU6, STM32C092RBT6, STM32C092RCI6, STM32C092RCT6, STM32G071K8TXN, STM32G071K8UXN, STM32G081GBU6N, STM32G081KBT6N, STM32G081KBUXN, STM32G0B1CCT6N, STM32G0B1KCT6, STM32G0B1NEY6TR, STM32G0B1RCT6N, STM32G0C1CCT6, STM32G0C1CCT6N, STM32G0C1CCU6N, STM32G0C1CET6N, STM32G0C1CEU6N, STM32G0C1KCT6, STM32G0C1NEY6TR, STM32G0C1RCI6N, STM32G0C1RCT6N, STM32G0C1REI6N, STM32G0C1RET6N, STM32G0C1VCI6, STM32G0C1VEI6, STM32G411C6T3, STM32G411C6T6, STM32G411C6U3, STM32G411C6U6, STM32G411C8T3, STM32G411C8T6, STM32G411C8U3, STM32G411C8U6, STM32G411CBT3, STM32G411CBT6, STM32G411CBU3, STM32G411CBU6, STM32G411K6T3, STM32G411K6T6, STM32G411K6U3, STM32G411K6U6, STM32G411K8T3, STM32G411K8T6, STM32G411K8U3, STM32G411K8U6, STM32G411KBT3, STM32G411KBT6, STM32G411KBU3, STM32G411KBU6, STM32G411M6T3, STM32G411M6T6, STM32G411M8T3, STM32G411M8T6, STM32G411MBT3, STM32G411MBT6, STM32G411R6T3, STM32G411R6T6, STM32G411R8T3, STM32G411R8T6, STM32G411RBT3, STM32G411RBT6, STM32G414CBT3, STM32G414CBT6, STM32G414CBU3, STM32G414CBU6, STM32G414CCT3, STM32G414CCT6, STM32G414CCU3, STM32G414CCU6, STM32G414MBT3, STM32G414MBT6, STM32G414MCT3, STM32G414MCT6, STM32G414RBT3, STM32G414RBT6, STM32G414RCT3, STM32G414RCT6, STM32G414VBT3, STM32G414VBT6, STM32G414VCT3, STM32G414VCT6, STM32G431CBT3Z, STM32G431RBT3Z, STM32G471CCT6, STM32G471CCU6, STM32G471CET3, STM32G471CET6, STM32G471CEU3, STM32G471CEU6, STM32G471MCT6, STM32G471MET3, STM32G471MET6, STM32G471MEY6TR, STM32G471QCT6, STM32G471QET3, STM32G471RCT6, STM32G471RET3, STM32G471RET6, STM32G471VCH6, STM32G471VCI6, STM32G471VCT6, STM32G471VEH3, STM32G471VEH6, STM32G471VEI3, STM32G471VEI6, STM32G471VET3, STM32G471VET6, STM32G473QET3Z, STM32G473RET3Z, STM32G474CCT6, STM32G491RET3Z, STM32H503CBT6, STM32H503CBU6, STM32H503EBY6TR, STM32H503KBU6, STM32H503RBT6, STM32H523CCT6, STM32H523CCU6, STM32H523CET6, STM32H523CEU6, STM32H523HEY6TR, STM32H523RCT6, STM32H523RET6, STM32H523VCI6, STM32H523VCT6, STM32H523VEI6, STM32H523VET6, STM32H523ZCJ6, STM32H523ZCT6, STM32H523ZEJ6, STM32H523ZET6, STM32H533CET6, STM32H533CEU6, STM32H533HEY6TR, STM32H533RET6, STM32H533VEI6, STM32H533VET6, STM32H533ZEJ6, STM32H533ZET6, STM32H562AGI6, STM32H562AII6, STM32H562IGK6, STM32H562IGT6, STM32H562IIK6, STM32H562IIT6, STM32H562RGT6, STM32H562RGV6, STM32H562RIT6, STM32H562RIV6, STM32H562VGT6, STM32H562VIT6, STM32H562ZGT6, STM32H562ZIT6, STM32H563AGI6, STM32H563AII3Q, STM32H563AII6, STM32H563IGK6, STM32H563IGT6, STM32H563IIK3Q, STM32H563IIK6, STM32H563IIT3Q, STM32H563IIT6, STM32H563MIY3QTR, STM32H563RGT6, STM32H563RGV6, STM32H563RIT6, STM32H563RIV6, STM32H563VGT6, STM32H563VIT3Q, STM32H563VIT6, STM32H563ZGT6, STM32H563ZIT3Q, STM32H563ZIT6, STM32H573AII3Q, STM32H573AII6, STM32H573I-DK, STM32H573IIK3Q, STM32H573IIK6, STM32H573IIT3Q, STM32H573IIT6, STM32H573MIY3QTR, STM32H573RIT6, STM32H573RIV6, STM32H573VIT3Q, STM32H573VIT6, STM32H573ZIT3Q, STM32H573ZIT6, STM32H7R3A8I6, STM32H7R3I8K6, STM32H7R3I8T6, STM32H7R3L8H6, STM32H7R3L8H6H, STM32H7R3R8V6, STM32H7R3V8H6, STM32H7R3V8T6, STM32H7R3V8Y6TR, STM32H7R3Z8J6, STM32H7R3Z8T6, STM32H7R7A8I6, STM32H7R7I8K6, STM32H7R7I8T6, STM32H7R7L8H6, STM32H7R7L8H6H, STM32H7R7Z8J6, STM32H7S3A8I6, STM32H7S3I8K6, STM32H7S3I8T6, STM32H7S3L8H6, STM32H7S3L8H6H, STM32H7S3R8V6, STM32H7S3V8H6, STM32H7S3V8T6, STM32H7S3V8Y6TR, STM32H7S3Z8J6, STM32H7S3Z8T6, STM32H7S78-DK, STM32H7S7A8I6, STM32H7S7I8K6, STM32H7S7I8T6, STM32H7S7L8H6, STM32H7S7L8H6H, STM32H7S7Z8J6, STM32L4R5QGI6STR, STM32MP131AAE3, STM32MP131AAF3, STM32MP131AAG3, STM32MP131CAE3, STM32MP131CAF3, STM32MP131CAG3, STM32MP131DAE7, STM32MP131DAF7, STM32MP131DAG7, STM32MP131FAE7, STM32MP131FAF7, STM32MP131FAG7, STM32MP133AAE3, STM32MP133AAF3, STM32MP133AAG3, STM32MP133CAE3, STM32MP133CAF3, STM32MP133CAG3, STM32MP133DAE7, STM32MP133DAF7, STM32MP133DAG7, STM32MP133FAE7, STM32MP133FAF7, STM32MP133FAG7, STM32MP135AAE3, STM32MP135AAF3, STM32MP135AAG3, STM32MP135CAE3, STM32MP135CAF3, STM32MP135CAG3, STM32MP135DAE7, STM32MP135DAF7, STM32MP135DAG7, STM32MP135F-DK, STM32MP135FAE7, STM32MP135FAF7, STM32MP135FAF7T, STM32MP135FAF7U, STM32MP135FAG7, STM32MP211AAL3, STM32MP211AAM3, STM32MP211AAN3, STM32MP211AAO3, STM32MP211CAL3, STM32MP211CAM3, STM32MP211CAN3, STM32MP211CAO3, STM32MP211DAL3, STM32MP211DAM3, STM32MP211DAN3, STM32MP211DAO3, STM32MP211FAL3, STM32MP211FAM3, STM32MP211FAN3, STM32MP211FAO3, STM32MP213AAL3, STM32MP213AAM3, STM32MP213AAN3, STM32MP213AAO3, STM32MP213CAL3, STM32MP213CAM3, STM32MP213CAN3, STM32MP213CAO3, STM32MP213DAL3, STM32MP213DAM3, STM32MP213DAN3, STM32MP213DAO3, STM32MP213FAL3, STM32MP213FAM3, STM32MP213FAN3, STM32MP213FAO3, STM32MP215AAL3, STM32MP215AAM3, STM32MP215AAN3, STM32MP215AAO3, STM32MP215CAL3, STM32MP215CAM3, STM32MP215CAN3, STM32MP215CAO3, STM32MP215DAL3, STM32MP215DAM3, STM32MP215DAN3, STM32MP215DAO3, STM32MP215F-DK, STM32MP215FAL3, STM32MP215FAM3, STM32MP215FAN3, STM32MP215FAO3, STM32MP231AAJ3, STM32MP231AAK3, STM32MP231AAL3, STM32MP231CAJ3, STM32MP231CAK3, STM32MP231CAL3, STM32MP231DAJ3, STM32MP231DAK3, STM32MP231DAL3, STM32MP231FAJ3, STM32MP231FAK3, STM32MP231FAL3, STM32MP233AAJ3, STM32MP233AAK3, STM32MP233AAL3, STM32MP233CAJ3, STM32MP233CAK3, STM32MP233CAL3, STM32MP233DAJ3, STM32MP233DAK3, STM32MP233DAL3, STM32MP233FAJ3, STM32MP233FAK3, STM32MP233FAL3, STM32MP235AAJ3, STM32MP235AAK3, STM32MP235AAL3, STM32MP235CAJ3, STM32MP235CAK3, STM32MP235CAL3, STM32MP235DAJ3, STM32MP235DAK3, STM32MP235DAL3, STM32MP235FAJ3, STM32MP235FAK3, STM32MP235FAL3, STM32MP251AAI3, STM32MP251AAK3, STM32MP251AAL3, STM32MP251CAI3, STM32MP251CAK3, STM32MP251CAL3, STM32MP251DAI3, STM32MP251DAK3, STM32MP251DAL3, STM32MP251FAI3, STM32MP251FAK3, STM32MP251FAL3, STM32MP253AAI3, STM32MP253AAK3, STM32MP253AAL3, STM32MP253CAI3, STM32MP253CAK3, STM32MP253CAL3, STM32MP253DAI3, STM32MP253DAK3, STM32MP253DAL3, STM32MP253FAI3, STM32MP253FAK3, STM32MP253FAL3, STM32MP255AAI3, STM32MP255AAK3, STM32MP255AAL3, STM32MP255CAI3, STM32MP255CAK3, STM32MP255CAL3, STM32MP255DAI3, STM32MP255DAK3, STM32MP255DAL3, STM32MP255FAI3, STM32MP255FAK3, STM32MP255FAL3, STM32MP257AAI3, STM32MP257AAK3, STM32MP257AAL3, STM32MP257CAI3, STM32MP257CAK3, STM32MP257CAL3, STM32MP257DAI3, STM32MP257DAK3, STM32MP257DAL3, STM32MP257F-DK, STM32MP257F-EV1, STM32MP257FAI3, STM32MP257FAK3, STM32MP257FAL3, STM32N645A0H3Q, STM32N645B0H3Q, STM32N645I0H3Q, STM32N645L0H3Q, STM32N645X0H3Q, STM32N645Z0H3Q, STM32N647A0H3Q, STM32N647B0H3Q, STM32N647I0H3Q, STM32N647L0H3Q, STM32N647X0H3Q, STM32N647Z0H3Q, STM32N655A0H3Q, STM32N655B0H3Q, STM32N655I0H3Q, STM32N655L0H3Q, STM32N655X0H3Q, STM32N655Z0H3Q, STM32N6570-DK, STM32N657A0H3Q, STM32N657B0H3Q, STM32N657I0H3Q, STM32N657L0H3Q, STM32N657X0H3Q, STM32N657Z0H3Q, STM32U031C6T6, STM32U031C6U6, STM32U031C8T6, STM32U031C8U6, STM32U031F4P6, STM32U031F6P6, STM32U031F8P6, STM32U031G6Y6TR, STM32U031G8Y6TR, STM32U031K4U6, STM32U031K6U6, STM32U031K8U6, STM32U031R6I6, STM32U031R6T6, STM32U031R8I6, STM32U031R8T6, STM32U073C8T6, STM32U073C8U6, STM32U073CBT6, STM32U073CBU6, STM32U073CCT6, STM32U073CCU6, STM32U073H8Y6TR, STM32U073HBY6TR, STM32U073HCY6TR, STM32U073K8U6, STM32U073KBU6, STM32U073KCU6, STM32U073M8I6, STM32U073M8T6, STM32U073MBI6, STM32U073MBT6, STM32U073MCI6, STM32U073MCT6, STM32U073R8I6, STM32U073R8T6, STM32U073RBI6, STM32U073RBT6, STM32U073RCI6, STM32U073RCT6, STM32U083C-DK, STM32U083CCT6, STM32U083CCU6, STM32U083HCY6TR, STM32U083KCU6, STM32U083MCI6, STM32U083MCT6, STM32U083RCI6, STM32U083RCT6, STM32U375CET6, STM32U375CET6Q, STM32U375CEU6, STM32U375CEU6Q, STM32U375CEY6QTR, STM32U375CGT6, STM32U375CGT6Q, STM32U375CGU6, STM32U375CGU6Q, STM32U375CGY6QTR, STM32U375KEU6, STM32U375KGU6, STM32U375REI6, STM32U375REI6Q, STM32U375RET6, STM32U375RET6Q, STM32U375REY6GTR, STM32U375REY6QTR, STM32U375RGI6, STM32U375RGI6Q, STM32U375RGT6, STM32U375RGT6Q, STM32U375RGY6GTR, STM32U375RGY6QTR, STM32U375VEI6, STM32U375VEI6Q, STM32U375VET6, STM32U375VET6Q, STM32U375VGI6, STM32U375VGI6Q, STM32U375VGT6, STM32U375VGT6Q, STM32U385CGT6, STM32U385CGT6Q, STM32U385CGU6, STM32U385CGU6Q, STM32U385CGY6QTR, STM32U385KGU6, STM32U385RGI6, STM32U385RGI6Q, STM32U385RGT6, STM32U385RGT6Q, STM32U385RGY6GTR, STM32U385RGY6QTR, STM32U385VGI6, STM32U385VGI6Q, STM32U385VGT6, STM32U385VGT6Q, STM32U535CBT6, STM32U535CBT6Q, STM32U535CBU6, STM32U535CBU6Q, STM32U535CCT6, STM32U535CCT6Q, STM32U535CCU6, STM32U535CCU6Q, STM32U535CET6, STM32U535CET6Q, STM32U535CEU6, STM32U535CEU6Q, STM32U535JEY6QTR, STM32U535NCY6QTR, STM32U535NEY6QTR, STM32U535RBI6, STM32U535RBI6Q, STM32U535RBT6, STM32U535RBT6Q, STM32U535RCI6, STM32U535RCI6Q, STM32U535RCT6, STM32U535RCT6Q, STM32U535REI6, STM32U535REI6Q, STM32U535RET6, STM32U535RET6Q, STM32U535VCI6, STM32U535VCI6Q, STM32U535VCT6, STM32U535VCT6Q, STM32U535VEI6, STM32U535VEI6Q, STM32U535VET6, STM32U535VET6Q, STM32U545CET6, STM32U545CET6Q, STM32U545CEU6, STM32U545CEU6Q, STM32U545JEY6QTR, STM32U545NEY6QTR, STM32U545REI6, STM32U545REI6Q, STM32U545RET6, STM32U545RET6Q, STM32U545VEI6, STM32U545VEI6Q, STM32U545VET6, STM32U545VET6Q, STM32U595AIH6, STM32U595AIH6Q, STM32U595AJH6, STM32U595AJH6Q, STM32U595QII6, STM32U595QII6Q, STM32U595QJI6, STM32U595QJI6Q, STM32U595RIT6, STM32U595RIT6Q, STM32U595RJT6, STM32U595RJT6Q, STM32U595VIT6, STM32U595VIT6Q, STM32U595VJT6, STM32U595VJT6Q, STM32U595ZIT6, STM32U595ZIT6Q, STM32U595ZIY6QTR, STM32U595ZJT6, STM32U595ZJT6Q, STM32U595ZJY6QTR, STM32U599BJY6QTR, STM32U599NIH6Q, STM32U599NJH6Q, STM32U599VIT6Q, STM32U599VJT6, STM32U599VJT6Q, STM32U599ZIT6Q, STM32U599ZIY6QTR, STM32U599ZJT6Q, STM32U599ZJY6QTR, STM32U5A5AJH6, STM32U5A5AJH6Q, STM32U5A5QII3Q , STM32U5A5QJI6, STM32U5A5QJI6Q, STM32U5A5RJT6, STM32U5A5RJT6Q, STM32U5A5VJT6, STM32U5A5VJT6Q, STM32U5A5ZJT6, STM32U5A5ZJT6Q, STM32U5A5ZJY6QTR, STM32U5A9BJY6QTR, STM32U5A9J-DK, STM32U5A9NJH6Q, STM32U5A9VJT6Q, STM32U5A9ZJT6Q, STM32U5A9ZJY6QTR, STM32U5F7VIT6, STM32U5F7VIT6Q, STM32U5F7VJT6, STM32U5F7VJT6Q, STM32U5F9BJY6QTR, STM32U5F9NJH6Q, STM32U5F9VIT6Q, STM32U5F9VJT6Q, STM32U5F9ZIJ6QTR, STM32U5F9ZIT6Q, STM32U5F9ZJJ6QTR, STM32U5F9ZJT6Q, STM32U5G7VJT6, STM32U5G7VJT6Q, STM32U5G9BJY6QTR, STM32U5G9J-DK1, STM32U5G9J-DK2, STM32U5G9NJH6Q, STM32U5G9VJT6Q, STM32U5G9ZJJ6QTR, STM32U5G9ZJT6Q, STM32WB05KZV6TR, STM32WB05KZV7TR, STM32WB05TZF6TR, STM32WB05TZF7TR, STM32WB06CCF6TR, STM32WB06CCF7TR, STM32WB06CCV6TR, STM32WB06CCV7TR, STM32WB06KCV6TR, STM32WB06KCV7TR, STM32WB07CCF6TR, STM32WB07CCF7TR, STM32WB07CCV6TR, STM32WB07CCV7TR, STM32WB07KCV6TR, STM32WB07KCV7TR, STM32WB09KEV6TR, STM32WB09KEV7TR, STM32WB09TEF6TR, STM32WB09TEF7TR, STM32WB1MMCH6, STM32WBA50KGU6, STM32WBA50KGU6TR, STM32WBA52CEU6, STM32WBA52CEU6TR, STM32WBA52CEU7, STM32WBA52CEU7TR, STM32WBA52CGU6, STM32WBA52CGU6TR, STM32WBA52CGU6U, STM32WBA52CGU7, STM32WBA52CGU7TR, STM32WBA52KEU6, STM32WBA52KEU6TR, STM32WBA52KGU6, STM32WBA52KGU6TR, STM32WBA54CEU6, STM32WBA54CEU6TR, STM32WBA54CEU7, STM32WBA54CEU7TR, STM32WBA54CGU6, STM32WBA54CGU6TR, STM32WBA54CGU7, STM32WBA54CGU7TR, STM32WBA54KEU6, STM32WBA54KEU6TR, STM32WBA54KEU7, STM32WBA54KEU7TR, STM32WBA54KGU6, STM32WBA54KGU6TR, STM32WBA54KGU7, STM32WBA54KGU7TR, STM32WBA55CEU6, STM32WBA55CEU6TR, STM32WBA55CEU7, STM32WBA55CEU7TR, STM32WBA55CGU6, STM32WBA55CGU6TR, STM32WBA55CGU6U, STM32WBA55CGU7, STM32WBA55CGU7TR, STM32WBA55G-DK1, STM32WBA55HEF6, STM32WBA55HEF7, STM32WBA55HGF6, STM32WBA55HGF7, STM32WBA55UEI6, STM32WBA55UEI6TR, STM32WBA55UEI7, STM32WBA55UEI7TR, STM32WBA55UGI6, STM32WBA55UGI6TR, STM32WBA55UGI7, STM32WBA55UGI7TR, STM32WBA5MMGH6TR, STM32WBA62MGF6, STM32WBA62MIF6, STM32WBA65MGF7, STM32WBA65MIF6, STM32WBA65MIF7, STM32WL30K8V6, STM32WL30KBV6, STM32WL31C8V6, STM32WL31CBV6, STM32WL31K8V6, STM32WL31KBV6, STM32WL33C8V6, STM32WL33C8V6X, STM32WL33CBV6, STM32WL33CBV6X, STM32WL33CCV6, STM32WL33CCV6A, STM32WL33CCV6X, STM32WL33K8V7, STM32WL33K8V7X, STM32WL33KBV7 , STM32WL33KBV7X, STM32WL33KCV7, STM32WL33KCV7X, STM32WL5MOCH6, STM32WL5MOCH6TR]
2026-01-24 17:00:38,002 [INFO] ApiDb:668 - CubeFinder database Data Model version=2.1
2026-01-24 17:00:38,003 [INFO] ApiDb:669 - CubeFinder database Configuration version=3.0.39
2026-01-24 17:00:38,003 [INFO] ApiDb:670 - CubeFinder database generation date=2025-11-05 (1762334721)
2026-01-24 17:00:38,003 [INFO] ApiDb:671 - CubeFinder database FW Pack versions=[FP-ATR-ASTRA1_V2.0.0, FP-SNS-FLIGHT1_V5.1.0, FP-SNS-MOTENV1_V5.1.0, FP-SNS-MOTENVWB1_V1.4.0, FP-SNS-SMARTAG2_V1.2.0, FP-SNS-STBOX1_V2.1.0, STM32Cube_FW_C0_V1.4.0, STM32Cube_FW_F4_V1.28.3, STM32Cube_FW_F7_V1.17.4, STM32Cube_FW_G0_V1.6.2, STM32Cube_FW_G4_V1.6.1, STM32Cube_FW_H5_V1.5.1, STM32Cube_FW_H7RS_V1.3.0, STM32Cube_FW_H7_V1.12.1, STM32Cube_FW_L0_V1.12.2, STM32Cube_FW_L4_V1.18.1, STM32Cube_FW_L5_V1.6.0, STM32Cube_FW_N6_V1.3.0, STM32Cube_FW_U0_V1.3.0, STM32Cube_FW_U3_V1.2.1, STM32Cube_FW_U5_V1.8.0, STM32Cube_FW_WB0_V1.4.0, STM32Cube_FW_WBA_V1.8.0, STM32Cube_FW_WB_V1.24.0, STM32Cube_FW_WL3_V1.3.0, STM32Cube_FW_WL_V1.4.0, X-CUBE-ALGOBUILD_V1.4.0, X-CUBE-ALS_V1.0.2, X-CUBE-AZRTOS-F4_V1.1.0, X-CUBE-AZRTOS-F7_V1.1.0, X-CUBE-AZRTOS-G0_V1.1.0, X-CUBE-AZRTOS-G4_V2.0.0, X-CUBE-AZRTOS-H7RS_V1.1.0, X-CUBE-AZRTOS-H7_V3.4.0, X-CUBE-AZRTOS-L4_V2.0.0, X-CUBE-AZRTOS-L5_V2.0.0, X-CUBE-AZRTOS-WB_V2.0.0, X-CUBE-AZRTOS-WL_V2.0.0, X-CUBE-BLE1_V7.1.0, X-CUBE-BLE2_V3.3.0, X-CUBE-BLEMGR_V4.1.0, X-CUBE-EEPRMA1_V5.2.0, X-CUBE-FREERTOS_V1.3.1, X-CUBE-GNSS1_V6.0.0, X-CUBE-MEMS1_V11.3.0, X-CUBE-NFC4_V3.0.0, X-CUBE-NFC7_V2.0.0, X-CUBE-SFXS2LP1_V4.0.0, X-CUBE-ST67W61_V1.1.0, X-CUBE-SUBG2_V5.0.0, X-CUBE-TOF1_V3.4.3]
2026-01-24 17:00:40,681 [INFO] ApiDb:240 - Found 880 in-development CPN: [B-G473E-ZEST1S, B-WB1M-WPAN1, B-WBA5M-WPAN, B-WL5M-SUBG1, NUCLEO-C031C6, NUCLEO-C051C8, NUCLEO-C071RB, NUCLEO-C092RC, NUCLEO-H503RB, NUCLEO-H533RE, NUCLEO-H563ZI, NUCLEO-H7S3L8, NUCLEO-N657X0-Q, NUCLEO-U031R8, NUCLEO-U083RC, NUCLEO-U385RG-Q, NUCLEO-U545RE-Q, NUCLEO-U5A5ZJ-Q, NUCLEO-WB05KZ, NUCLEO-WB07CC, NUCLEO-WB09KE, NUCLEO-WBA52CG, NUCLEO-WBA55CG, NUCLEO-WL33CC1, NUCLEO-WL33CC2, STEVAL-PROTEUS1, STEVAL-SMARTAG2, STEVAL-STWINBX1, STM320518-EVAL, STM32C0116-DK, STM32C011D6Y3TR, STM32C011D6Y6TR, STM32C011F4P3, STM32C011F4P6, STM32C011F4U3, STM32C011F4U6TR, STM32C011F6P3, STM32C011F6P6, STM32C011F6U3, STM32C011F6U6TR, STM32C011J4M3, STM32C011J4M6, STM32C011J6M3, STM32C011J6M6, STM32C0316-DK, STM32C031C4T3, STM32C031C4T6, STM32C031C4U3, STM32C031C4U6, STM32C031C6T3, STM32C031C6T6, STM32C031C6U3, STM32C031C6U6, STM32C031F4P3, STM32C031F4P6, STM32C031F6P3, STM32C031F6P6, STM32C031G4U3, STM32C031G4U6, STM32C031G6U3, STM32C031G6U6, STM32C031K4T3, STM32C031K4T6, STM32C031K4U3, STM32C031K4U6, STM32C031K6T3, STM32C031K6T6, STM32C031K6U3, STM32C031K6U6, STM32C051C6T6, STM32C051C6U6, STM32C051C8T6, STM32C051C8U6, STM32C051D8Y6TR, STM32C051F6P6, STM32C051F8P6, STM32C051G6U6, STM32C051G8U6, STM32C051K6T6, STM32C051K6U6, STM32C051K8T6, STM32C071C8T6, STM32C071C8T6N, STM32C071C8U6, STM32C071C8U6N, STM32C071CBT6, STM32C071CBT6N, STM32C071CBU6, STM32C071CBU6N, STM32C071F8P6, STM32C071F8P6N, STM32C071FBP6, STM32C071FBP6N, STM32C071FBY6TR, STM32C071G8U6, STM32C071G8U6N, STM32C071GBU6, STM32C071GBU6N, STM32C071K8T6, STM32C071K8T6N, STM32C071K8U6, STM32C071K8U6N, STM32C071KBT6, STM32C071KBT6N, STM32C071KBU6, STM32C071KBU6N, STM32C071R8T6, STM32C071R8T6N, STM32C071RBI6N, STM32C071RBT6, STM32C071RBT6N, STM32C091CBT6, STM32C091CBU6, STM32C091CCT6, STM32C091CCU6, STM32C091ECY6TR, STM32C091FBP6, STM32C091FCP6, STM32C091GBU6, STM32C091GCU6, STM32C091KBT6, STM32C091KBU6, STM32C091KCT6, STM32C091KCU6, STM32C091RBT6, STM32C091RCI6, STM32C091RCT6, STM32C092CBT6, STM32C092CBU6, STM32C092CCT6, STM32C092CCU6, STM32C092ECY6TR, STM32C092FBP6, STM32C092FCP6, STM32C092GBU6, STM32C092GCU6, STM32C092KBT6, STM32C092KBU6, STM32C092KCT6, STM32C092KCU6, STM32C092RBT6, STM32C092RCI6, STM32C092RCT6, STM32G071K8TXN, STM32G071K8UXN, STM32G081GBU6N, STM32G081KBT6N, STM32G081KBUXN, STM32G0B1CCT6N, STM32G0B1KCT6, STM32G0B1NEY6TR, STM32G0B1RCT6N, STM32G0C1CCT6, STM32G0C1CCT6N, STM32G0C1CCU6N, STM32G0C1CET6N, STM32G0C1CEU6N, STM32G0C1KCT6, STM32G0C1NEY6TR, STM32G0C1RCI6N, STM32G0C1RCT6N, STM32G0C1REI6N, STM32G0C1RET6N, STM32G0C1VCI6, STM32G0C1VEI6, STM32G411C6T3, STM32G411C6T6, STM32G411C6U3, STM32G411C6U6, STM32G411C8T3, STM32G411C8T6, STM32G411C8U3, STM32G411C8U6, STM32G411CBT3, STM32G411CBT6, STM32G411CBU3, STM32G411CBU6, STM32G411K6T3, STM32G411K6T6, STM32G411K6U3, STM32G411K6U6, STM32G411K8T3, STM32G411K8T6, STM32G411K8U3, STM32G411K8U6, STM32G411KBT3, STM32G411KBT6, STM32G411KBU3, STM32G411KBU6, STM32G411M6T3, STM32G411M6T6, STM32G411M8T3, STM32G411M8T6, STM32G411MBT3, STM32G411MBT6, STM32G411R6T3, STM32G411R6T6, STM32G411R8T3, STM32G411R8T6, STM32G411RBT3, STM32G411RBT6, STM32G414CBT3, STM32G414CBT6, STM32G414CBU3, STM32G414CBU6, STM32G414CCT3, STM32G414CCT6, STM32G414CCU3, STM32G414CCU6, STM32G414MBT3, STM32G414MBT6, STM32G414MCT3, STM32G414MCT6, STM32G414RBT3, STM32G414RBT6, STM32G414RCT3, STM32G414RCT6, STM32G414VBT3, STM32G414VBT6, STM32G414VCT3, STM32G414VCT6, STM32G431CBT3Z, STM32G431RBT3Z, STM32G471CCT6, STM32G471CCU6, STM32G471CET3, STM32G471CET6, STM32G471CEU3, STM32G471CEU6, STM32G471MCT6, STM32G471MET3, STM32G471MET6, STM32G471MEY6TR, STM32G471QCT6, STM32G471QET3, STM32G471RCT6, STM32G471RET3, STM32G471RET6, STM32G471VCH6, STM32G471VCI6, STM32G471VCT6, STM32G471VEH3, STM32G471VEH6, STM32G471VEI3, STM32G471VEI6, STM32G471VET3, STM32G471VET6, STM32G473QET3Z, STM32G473RET3Z, STM32G474CCT6, STM32G491RET3Z, STM32H503CBT6, STM32H503CBU6, STM32H503EBY6TR, STM32H503KBU6, STM32H503RBT6, STM32H523CCT6, STM32H523CCU6, STM32H523CET6, STM32H523CEU6, STM32H523HEY6TR, STM32H523RCT6, STM32H523RET6, STM32H523VCI6, STM32H523VCT6, STM32H523VEI6, STM32H523VET6, STM32H523ZCJ6, STM32H523ZCT6, STM32H523ZEJ6, STM32H523ZET6, STM32H533CET6, STM32H533CEU6, STM32H533HEY6TR, STM32H533RET6, STM32H533VEI6, STM32H533VET6, STM32H533ZEJ6, STM32H533ZET6, STM32H562AGI6, STM32H562AII6, STM32H562IGK6, STM32H562IGT6, STM32H562IIK6, STM32H562IIT6, STM32H562RGT6, STM32H562RGV6, STM32H562RIT6, STM32H562RIV6, STM32H562VGT6, STM32H562VIT6, STM32H562ZGT6, STM32H562ZIT6, STM32H563AGI6, STM32H563AII3Q, STM32H563AII6, STM32H563IGK6, STM32H563IGT6, STM32H563IIK3Q, STM32H563IIK6, STM32H563IIT3Q, STM32H563IIT6, STM32H563MIY3QTR, STM32H563RGT6, STM32H563RGV6, STM32H563RIT6, STM32H563RIV6, STM32H563VGT6, STM32H563VIT3Q, STM32H563VIT6, STM32H563ZGT6, STM32H563ZIT3Q, STM32H563ZIT6, STM32H573AII3Q, STM32H573AII6, STM32H573I-DK, STM32H573IIK3Q, STM32H573IIK6, STM32H573IIT3Q, STM32H573IIT6, STM32H573MIY3QTR, STM32H573RIT6, STM32H573RIV6, STM32H573VIT3Q, STM32H573VIT6, STM32H573ZIT3Q, STM32H573ZIT6, STM32H7R3A8I6, STM32H7R3I8K6, STM32H7R3I8T6, STM32H7R3L8H6, STM32H7R3L8H6H, STM32H7R3R8V6, STM32H7R3V8H6, STM32H7R3V8T6, STM32H7R3V8Y6TR, STM32H7R3Z8J6, STM32H7R3Z8T6, STM32H7R7A8I6, STM32H7R7I8K6, STM32H7R7I8T6, STM32H7R7L8H6, STM32H7R7L8H6H, STM32H7R7Z8J6, STM32H7S3A8I6, STM32H7S3I8K6, STM32H7S3I8T6, STM32H7S3L8H6, STM32H7S3L8H6H, STM32H7S3R8V6, STM32H7S3V8H6, STM32H7S3V8T6, STM32H7S3V8Y6TR, STM32H7S3Z8J6, STM32H7S3Z8T6, STM32H7S78-DK, STM32H7S7A8I6, STM32H7S7I8K6, STM32H7S7I8T6, STM32H7S7L8H6, STM32H7S7L8H6H, STM32H7S7Z8J6, STM32L4R5QGI6STR, STM32MP131AAE3, STM32MP131AAF3, STM32MP131AAG3, STM32MP131CAE3, STM32MP131CAF3, STM32MP131CAG3, STM32MP131DAE7, STM32MP131DAF7, STM32MP131DAG7, STM32MP131FAE7, STM32MP131FAF7, STM32MP131FAG7, STM32MP133AAE3, STM32MP133AAF3, STM32MP133AAG3, STM32MP133CAE3, STM32MP133CAF3, STM32MP133CAG3, STM32MP133DAE7, STM32MP133DAF7, STM32MP133DAG7, STM32MP133FAE7, STM32MP133FAF7, STM32MP133FAG7, STM32MP135AAE3, STM32MP135AAF3, STM32MP135AAG3, STM32MP135CAE3, STM32MP135CAF3, STM32MP135CAG3, STM32MP135DAE7, STM32MP135DAF7, STM32MP135DAG7, STM32MP135F-DK, STM32MP135FAE7, STM32MP135FAF7, STM32MP135FAF7T, STM32MP135FAF7U, STM32MP135FAG7, STM32MP211AAL3, STM32MP211AAM3, STM32MP211AAN3, STM32MP211AAO3, STM32MP211CAL3, STM32MP211CAM3, STM32MP211CAN3, STM32MP211CAO3, STM32MP211DAL3, STM32MP211DAM3, STM32MP211DAN3, STM32MP211DAO3, STM32MP211FAL3, STM32MP211FAM3, STM32MP211FAN3, STM32MP211FAO3, STM32MP213AAL3, STM32MP213AAM3, STM32MP213AAN3, STM32MP213AAO3, STM32MP213CAL3, STM32MP213CAM3, STM32MP213CAN3, STM32MP213CAO3, STM32MP213DAL3, STM32MP213DAM3, STM32MP213DAN3, STM32MP213DAO3, STM32MP213FAL3, STM32MP213FAM3, STM32MP213FAN3, STM32MP213FAO3, STM32MP215AAL3, STM32MP215AAM3, STM32MP215AAN3, STM32MP215AAO3, STM32MP215CAL3, STM32MP215CAM3, STM32MP215CAN3, STM32MP215CAO3, STM32MP215DAL3, STM32MP215DAM3, STM32MP215DAN3, STM32MP215DAO3, STM32MP215F-DK, STM32MP215FAL3, STM32MP215FAM3, STM32MP215FAN3, STM32MP215FAO3, STM32MP231AAJ3, STM32MP231AAK3, STM32MP231AAL3, STM32MP231CAJ3, STM32MP231CAK3, STM32MP231CAL3, STM32MP231DAJ3, STM32MP231DAK3, STM32MP231DAL3, STM32MP231FAJ3, STM32MP231FAK3, STM32MP231FAL3, STM32MP233AAJ3, STM32MP233AAK3, STM32MP233AAL3, STM32MP233CAJ3, STM32MP233CAK3, STM32MP233CAL3, STM32MP233DAJ3, STM32MP233DAK3, STM32MP233DAL3, STM32MP233FAJ3, STM32MP233FAK3, STM32MP233FAL3, STM32MP235AAJ3, STM32MP235AAK3, STM32MP235AAL3, STM32MP235CAJ3, STM32MP235CAK3, STM32MP235CAL3, STM32MP235DAJ3, STM32MP235DAK3, STM32MP235DAL3, STM32MP235FAJ3, STM32MP235FAK3, STM32MP235FAL3, STM32MP251AAI3, STM32MP251AAK3, STM32MP251AAL3, STM32MP251CAI3, STM32MP251CAK3, STM32MP251CAL3, STM32MP251DAI3, STM32MP251DAK3, STM32MP251DAL3, STM32MP251FAI3, STM32MP251FAK3, STM32MP251FAL3, STM32MP253AAI3, STM32MP253AAK3, STM32MP253AAL3, STM32MP253CAI3, STM32MP253CAK3, STM32MP253CAL3, STM32MP253DAI3, STM32MP253DAK3, STM32MP253DAL3, STM32MP253FAI3, STM32MP253FAK3, STM32MP253FAL3, STM32MP255AAI3, STM32MP255AAK3, STM32MP255AAL3, STM32MP255CAI3, STM32MP255CAK3, STM32MP255CAL3, STM32MP255DAI3, STM32MP255DAK3, STM32MP255DAL3, STM32MP255FAI3, STM32MP255FAK3, STM32MP255FAL3, STM32MP257AAI3, STM32MP257AAK3, STM32MP257AAL3, STM32MP257CAI3, STM32MP257CAK3, STM32MP257CAL3, STM32MP257DAI3, STM32MP257DAK3, STM32MP257DAL3, STM32MP257F-DK, STM32MP257F-EV1, STM32MP257FAI3, STM32MP257FAK3, STM32MP257FAL3, STM32N645A0H3Q, STM32N645B0H3Q, STM32N645I0H3Q, STM32N645L0H3Q, STM32N645X0H3Q, STM32N645Z0H3Q, STM32N647A0H3Q, STM32N647B0H3Q, STM32N647I0H3Q, STM32N647L0H3Q, STM32N647X0H3Q, STM32N647Z0H3Q, STM32N655A0H3Q, STM32N655B0H3Q, STM32N655I0H3Q, STM32N655L0H3Q, STM32N655X0H3Q, STM32N655Z0H3Q, STM32N6570-DK, STM32N657A0H3Q, STM32N657B0H3Q, STM32N657I0H3Q, STM32N657L0H3Q, STM32N657X0H3Q, STM32N657Z0H3Q, STM32U031C6T6, STM32U031C6U6, STM32U031C8T6, STM32U031C8U6, STM32U031F4P6, STM32U031F6P6, STM32U031F8P6, STM32U031G6Y6TR, STM32U031G8Y6TR, STM32U031K4U6, STM32U031K6U6, STM32U031K8U6, STM32U031R6I6, STM32U031R6T6, STM32U031R8I6, STM32U031R8T6, STM32U073C8T6, STM32U073C8U6, STM32U073CBT6, STM32U073CBU6, STM32U073CCT6, STM32U073CCU6, STM32U073H8Y6TR, STM32U073HBY6TR, STM32U073HCY6TR, STM32U073K8U6, STM32U073KBU6, STM32U073KCU6, STM32U073M8I6, STM32U073M8T6, STM32U073MBI6, STM32U073MBT6, STM32U073MCI6, STM32U073MCT6, STM32U073R8I6, STM32U073R8T6, STM32U073RBI6, STM32U073RBT6, STM32U073RCI6, STM32U073RCT6, STM32U083C-DK, STM32U083CCT6, STM32U083CCU6, STM32U083HCY6TR, STM32U083KCU6, STM32U083MCI6, STM32U083MCT6, STM32U083RCI6, STM32U083RCT6, STM32U375CET6, STM32U375CET6Q, STM32U375CEU6, STM32U375CEU6Q, STM32U375CEY6QTR, STM32U375CGT6, STM32U375CGT6Q, STM32U375CGU6, STM32U375CGU6Q, STM32U375CGY6QTR, STM32U375KEU6, STM32U375KGU6, STM32U375REI6, STM32U375REI6Q, STM32U375RET6, STM32U375RET6Q, STM32U375REY6GTR, STM32U375REY6QTR, STM32U375RGI6, STM32U375RGI6Q, STM32U375RGT6, STM32U375RGT6Q, STM32U375RGY6GTR, STM32U375RGY6QTR, STM32U375VEI6, STM32U375VEI6Q, STM32U375VET6, STM32U375VET6Q, STM32U375VGI6, STM32U375VGI6Q, STM32U375VGT6, STM32U375VGT6Q, STM32U385CGT6, STM32U385CGT6Q, STM32U385CGU6, STM32U385CGU6Q, STM32U385CGY6QTR, STM32U385KGU6, STM32U385RGI6, STM32U385RGI6Q, STM32U385RGT6, STM32U385RGT6Q, STM32U385RGY6GTR, STM32U385RGY6QTR, STM32U385VGI6, STM32U385VGI6Q, STM32U385VGT6, STM32U385VGT6Q, STM32U535CBT6, STM32U535CBT6Q, STM32U535CBU6, STM32U535CBU6Q, STM32U535CCT6, STM32U535CCT6Q, STM32U535CCU6, STM32U535CCU6Q, STM32U535CET6, STM32U535CET6Q, STM32U535CEU6, STM32U535CEU6Q, STM32U535JEY6QTR, STM32U535NCY6QTR, STM32U535NEY6QTR, STM32U535RBI6, STM32U535RBI6Q, STM32U535RBT6, STM32U535RBT6Q, STM32U535RCI6, STM32U535RCI6Q, STM32U535RCT6, STM32U535RCT6Q, STM32U535REI6, STM32U535REI6Q, STM32U535RET6, STM32U535RET6Q, STM32U535VCI6, STM32U535VCI6Q, STM32U535VCT6, STM32U535VCT6Q, STM32U535VEI6, STM32U535VEI6Q, STM32U535VET6, STM32U535VET6Q, STM32U545CET6, STM32U545CET6Q, STM32U545CEU6, STM32U545CEU6Q, STM32U545JEY6QTR, STM32U545NEY6QTR, STM32U545REI6, STM32U545REI6Q, STM32U545RET6, STM32U545RET6Q, STM32U545VEI6, STM32U545VEI6Q, STM32U545VET6, STM32U545VET6Q, STM32U595AIH6, STM32U595AIH6Q, STM32U595AJH6, STM32U595AJH6Q, STM32U595QII6, STM32U595QII6Q, STM32U595QJI6, STM32U595QJI6Q, STM32U595RIT6, STM32U595RIT6Q, STM32U595RJT6, STM32U595RJT6Q, STM32U595VIT6, STM32U595VIT6Q, STM32U595VJT6, STM32U595VJT6Q, STM32U595ZIT6, STM32U595ZIT6Q, STM32U595ZIY6QTR, STM32U595ZJT6, STM32U595ZJT6Q, STM32U595ZJY6QTR, STM32U599BJY6QTR, STM32U599NIH6Q, STM32U599NJH6Q, STM32U599VIT6Q, STM32U599VJT6, STM32U599VJT6Q, STM32U599ZIT6Q, STM32U599ZIY6QTR, STM32U599ZJT6Q, STM32U599ZJY6QTR, STM32U5A5AJH6, STM32U5A5AJH6Q, STM32U5A5QII3Q , STM32U5A5QJI6, STM32U5A5QJI6Q, STM32U5A5RJT6, STM32U5A5RJT6Q, STM32U5A5VJT6, STM32U5A5VJT6Q, STM32U5A5ZJT6, STM32U5A5ZJT6Q, STM32U5A5ZJY6QTR, STM32U5A9BJY6QTR, STM32U5A9J-DK, STM32U5A9NJH6Q, STM32U5A9VJT6Q, STM32U5A9ZJT6Q, STM32U5A9ZJY6QTR, STM32U5F7VIT6, STM32U5F7VIT6Q, STM32U5F7VJT6, STM32U5F7VJT6Q, STM32U5F9BJY6QTR, STM32U5F9NJH6Q, STM32U5F9VIT6Q, STM32U5F9VJT6Q, STM32U5F9ZIJ6QTR, STM32U5F9ZIT6Q, STM32U5F9ZJJ6QTR, STM32U5F9ZJT6Q, STM32U5G7VJT6, STM32U5G7VJT6Q, STM32U5G9BJY6QTR, STM32U5G9J-DK1, STM32U5G9J-DK2, STM32U5G9NJH6Q, STM32U5G9VJT6Q, STM32U5G9ZJJ6QTR, STM32U5G9ZJT6Q, STM32WB05KZV6TR, STM32WB05KZV7TR, STM32WB05TZF6TR, STM32WB05TZF7TR, STM32WB06CCF6TR, STM32WB06CCF7TR, STM32WB06CCV6TR, STM32WB06CCV7TR, STM32WB06KCV6TR, STM32WB06KCV7TR, STM32WB07CCF6TR, STM32WB07CCF7TR, STM32WB07CCV6TR, STM32WB07CCV7TR, STM32WB07KCV6TR, STM32WB07KCV7TR, STM32WB09KEV6TR, STM32WB09KEV7TR, STM32WB09TEF6TR, STM32WB09TEF7TR, STM32WB1MMCH6, STM32WBA50KGU6, STM32WBA50KGU6TR, STM32WBA52CEU6, STM32WBA52CEU6TR, STM32WBA52CEU7, STM32WBA52CEU7TR, STM32WBA52CGU6, STM32WBA52CGU6TR, STM32WBA52CGU6U, STM32WBA52CGU7, STM32WBA52CGU7TR, STM32WBA52KEU6, STM32WBA52KEU6TR, STM32WBA52KGU6, STM32WBA52KGU6TR, STM32WBA54CEU6, STM32WBA54CEU6TR, STM32WBA54CEU7, STM32WBA54CEU7TR, STM32WBA54CGU6, STM32WBA54CGU6TR, STM32WBA54CGU7, STM32WBA54CGU7TR, STM32WBA54KEU6, STM32WBA54KEU6TR, STM32WBA54KEU7, STM32WBA54KEU7TR, STM32WBA54KGU6, STM32WBA54KGU6TR, STM32WBA54KGU7, STM32WBA54KGU7TR, STM32WBA55CEU6, STM32WBA55CEU6TR, STM32WBA55CEU7, STM32WBA55CEU7TR, STM32WBA55CGU6, STM32WBA55CGU6TR, STM32WBA55CGU6U, STM32WBA55CGU7, STM32WBA55CGU7TR, STM32WBA55G-DK1, STM32WBA55HEF6, STM32WBA55HEF7, STM32WBA55HGF6, STM32WBA55HGF7, STM32WBA55UEI6, STM32WBA55UEI6TR, STM32WBA55UEI7, STM32WBA55UEI7TR, STM32WBA55UGI6, STM32WBA55UGI6TR, STM32WBA55UGI7, STM32WBA55UGI7TR, STM32WBA5MMGH6TR, STM32WBA62MGF6, STM32WBA62MIF6, STM32WBA65MGF7, STM32WBA65MIF6, STM32WBA65MIF7, STM32WL30K8V6, STM32WL30KBV6, STM32WL31C8V6, STM32WL31CBV6, STM32WL31K8V6, STM32WL31KBV6, STM32WL33C8V6, STM32WL33C8V6X, STM32WL33CBV6, STM32WL33CBV6X, STM32WL33CCV6, STM32WL33CCV6A, STM32WL33CCV6X, STM32WL33K8V7, STM32WL33K8V7X, STM32WL33KBV7 , STM32WL33KBV7X, STM32WL33KCV7, STM32WL33KCV7X, STM32WL5MOCH6, STM32WL5MOCH6TR]
2026-01-24 17:00:40,686 [INFO] DbMcus:218 - Found 4876 MCUs, 4876 are supported
2026-01-24 17:00:40,688 [INFO] ApiDb:423 - Load user favorites file C:\Users\melod/.stm32cubeide/favorites.mcus.txt: 0 item(s)
2026-01-24 17:00:40,689 [INFO] ApiDb:427 - User favorites MCUs=[]
2026-01-24 17:00:40,689 [INFO] DbMcus:224 - Set 0 / 0 favorites MCUs
2026-01-24 17:00:41,461 [INFO] BoardInfo:889 - No configuration file found for board P-NUCLEO-WB55
2026-01-24 17:00:41,462 [INFO] DbBoards:161 - Kit is not supported: P-NUCLEO-WB55
2026-01-24 17:00:41,469 [INFO] BoardInfo:889 - No configuration file found for board STEVAL-BFA001V1B
2026-01-24 17:00:41,469 [INFO] DbBoards:161 - Kit is not supported: STEVAL-BFA001V1B
2026-01-24 17:00:41,470 [INFO] BoardInfo:889 - No configuration file found for board STEVAL-BFA001V2B
2026-01-24 17:00:41,470 [INFO] DbBoards:161 - Kit is not supported: STEVAL-BFA001V2B
2026-01-24 17:00:41,630 [INFO] DbBoards:168 - Found 212 boards, 209 are supported
2026-01-24 17:00:41,631 [INFO] DbBoards:169 - Found 212 boards, 43 of them is supported for  Bsp
2026-01-24 17:00:41,634 [INFO] ApiDb:423 - Load user favorites file C:\Users\melod/.stm32cubeide/favorites.boards.txt: 0 item(s)
2026-01-24 17:00:41,634 [INFO] ApiDb:427 - User favorites Boards=[]
2026-01-24 17:00:41,635 [INFO] DbBoards:198 - Set 0 / 0 favorites Boards
2026-01-24 17:00:41,679 [INFO] UtilMem:75 - End LoadConfig() Used Memory: 860372344 Bytes (1073741824)
2026-01-24 17:00:41,841 [WARN] ThirdParty:833 - waiting for thirdparty lock release [change project]
2026-01-24 17:00:41,841 [INFO] ThirdParty:835 - entering critical section [change project]
2026-01-24 17:00:41,841 [INFO] ThirdParty:1030 - CMSIS Pack Vendor :STMicroelectronics X-CUBE-PM33A1 1.0.0
2026-01-24 17:00:41,841 [INFO] ThirdParty:1030 - CMSIS Pack Vendor :STMicroelectronics USBPD 4.1
2026-01-24 17:00:41,841 [INFO] ThirdParty:1030 - CMSIS Pack Vendor :STMicroelectronics X-CUBE-NFC9 1.0.0
2026-01-24 17:00:41,842 [INFO] ThirdParty:1030 - CMSIS Pack Vendor :STMicroelectronics USB_HOST 2.0.0
2026-01-24 17:00:41,842 [INFO] ThirdParty:1030 - CMSIS Pack Vendor :STMicroelectronics FP-SNS-MOTENVWB1 1.4.0
2026-01-24 17:00:41,842 [INFO] ThirdParty:1030 - CMSIS Pack Vendor :STMicroelectronics X-CUBE-AZRTOS-F4 1.1.0
2026-01-24 17:00:41,842 [INFO] ThirdParty:1030 - CMSIS Pack Vendor :STMicroelectronics LIBJPEG 8.0.0
2026-01-24 17:00:41,842 [INFO] ThirdParty:1030 - CMSIS Pack Vendor :STMicroelectronics FP-ATR-ASTRA1 2.0.2
2026-01-24 17:00:41,842 [INFO] ThirdParty:1030 - CMSIS Pack Vendor :wolfSSL I-CUBE-wolfSSL 5.8.2
2026-01-24 17:00:41,842 [INFO] ThirdParty:1030 - CMSIS Pack Vendor :STMicroelectronics X-CUBE-BLE1 7.1.0
2026-01-24 17:00:41,842 [INFO] ThirdParty:1030 - CMSIS Pack Vendor :STMicroelectronics X-CUBE-SMBUS 2.1.0
2026-01-24 17:00:41,842 [INFO] ThirdParty:1030 - CMSIS Pack Vendor :wolfSSL I-CUBE-wolfMQTT 1.19.2
2026-01-24 17:00:41,842 [INFO] ThirdParty:1030 - CMSIS Pack Vendor :STMicroelectronics USB_DEVICE 3.0.0
2026-01-24 17:00:41,842 [INFO] ThirdParty:1030 - CMSIS Pack Vendor :STMicroelectronics X-CUBE-ISPU 2.1.0
2026-01-24 17:00:41,842 [INFO] ThirdParty:1030 - CMSIS Pack Vendor :STMicroelectronics X-CUBE-FREERTOS 1.4.0
2026-01-24 17:00:41,842 [INFO] ThirdParty:1030 - CMSIS Pack Vendor :STMicroelectronics X-CUBE-EEPRMA1 5.2.0
2026-01-24 17:00:41,842 [INFO] ThirdParty:1030 - CMSIS Pack Vendor :STMicroelectronics X-CUBE-IPS 3.2.0
2026-01-24 17:00:41,842 [INFO] ThirdParty:1030 - CMSIS Pack Vendor :STMicroelectronics X-CUBE-BLEMGR 4.1.0
2026-01-24 17:00:41,842 [INFO] ThirdParty:1030 - CMSIS Pack Vendor :STMicroelectronics X-CUBE-AZRTOS-WB 2.0.0
2026-01-24 17:00:41,842 [INFO] ThirdParty:1030 - CMSIS Pack Vendor :STMicroelectronics X-CUBE-NFC12 1.0.0
2026-01-24 17:00:41,842 [INFO] ThirdParty:1030 - CMSIS Pack Vendor :STMicroelectronics X-CUBE-AZRTOS-F7 1.1.0
2026-01-24 17:00:41,842 [INFO] ThirdParty:1030 - CMSIS Pack Vendor :STMicroelectronics X-CUBE-AZRTOS-L5 2.0.0
2026-01-24 17:00:41,842 [INFO] ThirdParty:1030 - CMSIS Pack Vendor :STMicroelectronics USB_DEVICE 2.0.0
2026-01-24 17:00:41,842 [INFO] ThirdParty:1030 - CMSIS Pack Vendor :STMicroelectronics X-CUBE-NFC6 3.1.0
2026-01-24 17:00:41,843 [INFO] ThirdParty:1030 - CMSIS Pack Vendor :STMicroelectronics X-CUBE-ST67W61 1.1.0
2026-01-24 17:00:41,843 [INFO] ThirdParty:1030 - CMSIS Pack Vendor :Cesanta I-CUBE-Mongoose 7.19.0
2026-01-24 17:00:41,843 [INFO] ThirdParty:1030 - CMSIS Pack Vendor :quantropi X-CUBE-qispace-sdk-base 2.1.0
2026-01-24 17:00:41,843 [INFO] ThirdParty:1030 - CMSIS Pack Vendor :STMicroelectronics X-CUBE-MEMS1 12.0.0
2026-01-24 17:00:41,843 [INFO] ThirdParty:1030 - CMSIS Pack Vendor :STMicroelectronics X-CUBE-STSE01 2.0.0
2026-01-24 17:00:41,843 [INFO] ThirdParty:1030 - CMSIS Pack Vendor :STMicroelectronics FP-SNS-MOTENV1 5.1.0
2026-01-24 17:00:41,843 [INFO] ThirdParty:1030 - CMSIS Pack Vendor :STMicroelectronics FreeRTOS 0.0.1
2026-01-24 17:00:41,843 [INFO] ThirdParty:1030 - CMSIS Pack Vendor :STMicroelectronics X-CUBE-AZRTOS-G0 1.1.0
2026-01-24 17:00:41,843 [INFO] ThirdParty:1030 - CMSIS Pack Vendor :STMicroelectronics X-CUBE-SAFEA1 1.2.2
2026-01-24 17:00:41,843 [INFO] ThirdParty:1030 - CMSIS Pack Vendor :STMicroelectronics X-CUBE-NFC4 3.0.0
2026-01-24 17:00:41,843 [INFO] ThirdParty:1030 - CMSIS Pack Vendor :STMicroelectronics X-CUBE-SUBG2 5.0.0
2026-01-24 17:00:41,843 [INFO] ThirdParty:1030 - CMSIS Pack Vendor :STMicroelectronics X-CUBE-AZRTOS-H7RS 1.1.0
2026-01-24 17:00:41,843 [INFO] ThirdParty:1030 - CMSIS Pack Vendor :STMicroelectronics STM32_WPAN 1.0.0
2026-01-24 17:00:41,843 [INFO] ThirdParty:1030 - CMSIS Pack Vendor :EmbeddedOffice I-CUBE-FS-RTOS 1.0.1
2026-01-24 17:00:41,843 [INFO] ThirdParty:1030 - CMSIS Pack Vendor :STMicroelectronics lwIP 2.0.3
2026-01-24 17:00:41,843 [INFO] ThirdParty:1030 - CMSIS Pack Vendor :WES I-CUBE-Cesium 1.4.0
2026-01-24 17:00:41,843 [INFO] ThirdParty:1030 - CMSIS Pack Vendor :STMicroelectronics USB_HOST 1.0.0
2026-01-24 17:00:41,843 [INFO] ThirdParty:1030 - CMSIS Pack Vendor :Infineon AIROC-Wi-Fi-Bluetooth-STM32 1.7.1
2026-01-24 17:00:41,843 [INFO] ThirdParty:1030 - CMSIS Pack Vendor :STMicroelectronics X-CUBE-AZRTOS-G4 2.0.0
2026-01-24 17:00:41,843 [INFO] ThirdParty:1030 - CMSIS Pack Vendor :STMicroelectronics X-CUBE-WB05N 2.0.0
2026-01-24 17:00:41,843 [INFO] ThirdParty:1030 - CMSIS Pack Vendor :STMicroelectronics PDM2PCM 3.1.0
2026-01-24 17:00:41,843 [INFO] ThirdParty:1030 - CMSIS Pack Vendor :STMicroelectronics PDM2PCM 3.3.0
2026-01-24 17:00:41,843 [INFO] ThirdParty:1030 - CMSIS Pack Vendor :wolfSSL I-CUBE-wolfTPM 3.8.0
2026-01-24 17:00:41,843 [INFO] ThirdParty:1030 - CMSIS Pack Vendor :STMicroelectronics X-CUBE-AZRTOS-H7 3.4.0
2026-01-24 17:00:41,844 [INFO] ThirdParty:1030 - CMSIS Pack Vendor :STMicroelectronics X-CUBE-DISPLAY 3.0.0
2026-01-24 17:00:41,844 [INFO] ThirdParty:1030 - CMSIS Pack Vendor :wolfSSL I-CUBE-wolfSSH 1.4.20
2026-01-24 17:00:41,844 [INFO] ThirdParty:1030 - CMSIS Pack Vendor :STMicroelectronics X-CUBE-NFC7 2.0.0
2026-01-24 17:00:41,844 [INFO] ThirdParty:1030 - CMSIS Pack Vendor :STMicroelectronics X-CUBE-TCPP 4.2.0
2026-01-24 17:00:41,844 [INFO] ThirdParty:1030 - CMSIS Pack Vendor :RealThread X-CUBE-RT-Thread_Nano 4.1.1
2026-01-24 17:00:41,844 [INFO] ThirdParty:1030 - CMSIS Pack Vendor :STMicroelectronics FP-ATR-SIGFOX1 3.2.0
2026-01-24 17:00:41,844 [INFO] ThirdParty:1030 - CMSIS Pack Vendor :STMicroelectronics X-CUBE-NFC10 1.0.0
2026-01-24 17:00:41,844 [INFO] ThirdParty:1030 - CMSIS Pack Vendor :STMicroelectronics X-CUBE-FREERTOS 1.3.1
2026-01-24 17:00:41,844 [INFO] ThirdParty:1030 - CMSIS Pack Vendor :STMicroelectronics HAL Drivers 0.0.0
2026-01-24 17:00:41,844 [INFO] ThirdParty:1030 - CMSIS Pack Vendor :STMicroelectronics MBEDTLS 2.16.2
2026-01-24 17:00:41,844 [INFO] ThirdParty:1030 - CMSIS Pack Vendor :STMicroelectronics X-CUBE-ST60 1.1.0
2026-01-24 17:00:41,844 [INFO] ThirdParty:1030 - CMSIS Pack Vendor :STMicroelectronics X-CUBE-ALS 1.0.2
2026-01-24 17:00:41,844 [INFO] ThirdParty:1030 - CMSIS Pack Vendor :emotas I-CUBE-CANOPEN 1.3.0
2026-01-24 17:00:41,844 [INFO] ThirdParty:1030 - CMSIS Pack Vendor :STMicroelectronics MBEDTLS 2.14.1
2026-01-24 17:00:41,844 [INFO] ThirdParty:1030 - CMSIS Pack Vendor :STMicroelectronics X-CUBE-GNSS1 7.1.0
2026-01-24 17:00:41,844 [INFO] ThirdParty:1030 - CMSIS Pack Vendor :ITTIA_DB I-CUBE-ITTIADB 8.9.0
2026-01-24 17:00:41,844 [INFO] ThirdParty:1030 - CMSIS Pack Vendor :STMicroelectronics X-CUBE-TOUCHGFX 4.26.0
2026-01-24 17:00:41,844 [INFO] ThirdParty:1030 - CMSIS Pack Vendor :STMicroelectronics X-CUBE-STSE01 1.0.0
2026-01-24 17:00:41,844 [INFO] ThirdParty:1030 - CMSIS Pack Vendor :STMicroelectronics X-CUBE-NFC6 3.2.0
2026-01-24 17:00:41,844 [INFO] ThirdParty:1030 - CMSIS Pack Vendor :STMicroelectronics FP-SNS-STBOX1 2.1.0
2026-01-24 17:00:41,844 [INFO] ThirdParty:1030 - CMSIS Pack Vendor :STMicroelectronics X-CUBE-AI 10.2.0
2026-01-24 17:00:41,844 [INFO] ThirdParty:1030 - CMSIS Pack Vendor :STMicroelectronics FP-SNS-STAIOTCFT 1.0.0
2026-01-24 17:00:41,844 [INFO] ThirdParty:1030 - CMSIS Pack Vendor :STMicroelectronics ThreadX 1.0.0
2026-01-24 17:00:41,844 [INFO] ThirdParty:1030 - CMSIS Pack Vendor :STMicroelectronics FP-SNS-SMARTAG2 1.2.0
2026-01-24 17:00:41,844 [INFO] ThirdParty:1030 - CMSIS Pack Vendor :STMicroelectronics FP-SNS-FLIGHT1 5.1.0
2026-01-24 17:00:41,844 [INFO] ThirdParty:1030 - CMSIS Pack Vendor :STMicroelectronics X-CUBE-AZRTOS-WL 2.0.0
2026-01-24 17:00:41,845 [INFO] ThirdParty:1030 - CMSIS Pack Vendor :SEGGER I-CUBE-embOS 1.3.1
2026-01-24 17:00:41,845 [INFO] ThirdParty:1030 - CMSIS Pack Vendor :STMicroelectronics X-CUBE-ALGOBUILD 1.4.0
2026-01-24 17:00:41,845 [INFO] ThirdParty:1030 - CMSIS Pack Vendor :STMicroelectronics X-CUBE-DPower 1.3.0
2026-01-24 17:00:41,845 [INFO] ThirdParty:1030 - CMSIS Pack Vendor :STMicroelectronics X-CUBE-MEMS1 11.3.0
2026-01-24 17:00:41,845 [INFO] ThirdParty:1030 - CMSIS Pack Vendor :STMicroelectronics USB_DEVICE 1.0.0
2026-01-24 17:00:41,845 [INFO] ThirdParty:1030 - CMSIS Pack Vendor :STMicroelectronics X-CUBE-AZRTOS-H7RS 1.2.0
2026-01-24 17:00:41,845 [INFO] ThirdParty:1030 - CMSIS Pack Vendor :STMicroelectronics X-CUBE-AZRTOS-L4 2.0.0
2026-01-24 17:00:41,845 [INFO] ThirdParty:1030 - CMSIS Pack Vendor :STMicroelectronics ThreadX 0.0.2
2026-01-24 17:00:41,845 [INFO] ThirdParty:1030 - CMSIS Pack Vendor :STMicroelectronics lwIP 2.1.2
2026-01-24 17:00:41,845 [INFO] ThirdParty:1030 - CMSIS Pack Vendor :STMicroelectronics X-CUBE-SFXS2LP1 4.0.0
2026-01-24 17:00:41,845 [INFO] ThirdParty:1030 - CMSIS Pack Vendor :STMicroelectronics X-CUBE-BLE2 3.3.0
2026-01-24 17:00:41,845 [INFO] ThirdParty:1030 - CMSIS Pack Vendor :Avnet-IOTCONNECT X-CUBE-iotc-st67-sdk 1.0.0
2026-01-24 17:00:41,845 [INFO] ThirdParty:1030 - CMSIS Pack Vendor :STMicroelectronics X-CUBE-TOF1 3.4.3
2026-01-24 17:00:41,845 [INFO] ThirdParty:1030 - CMSIS Pack Vendor :STMicroelectronics PDM2PCM 3.2.0
2026-01-24 17:00:41,845 [INFO] ThirdParty:1030 - CMSIS Pack Vendor :STMicroelectronics X-CUBE-ST67W61 1.2.0
2026-01-24 17:00:41,845 [INFO] ThirdParty:841 - exiting critical section [change project]
2026-01-24 17:00:42,196 [INFO] PinOutPanel:1589 - setPackage(No Configuration,No Configuration)
2026-01-24 17:00:42,198 [INFO] PinOutPanel:1589 - setPackage(STM32WB1MMCHx,LGA77)
2026-01-24 17:00:42,739 [INFO] UtilMem:75 - Before build in PCC Used Memory: 676142112 Bytes (1073741824)
2026-01-24 17:00:43,614 [INFO] UtilMem:75 - After build in PCC Used Memory: 786764832 Bytes (1073741824)
2026-01-24 17:00:43,732 [INFO] ApiDbMcu:532 - Load IP Config File for STM32_WPAN
2026-01-24 17:00:43,763 [INFO] IPUIPlugin:80 - create IPUIPlugin
2026-01-24 17:00:43,763 [INFO] IPUIPlugin:80 - create IPUIPlugin
2026-01-24 17:00:43,765 [INFO] IPUIPlugin:80 - create IPUIPlugin
2026-01-24 17:00:43,765 [INFO] IPUIPlugin:80 - create IPUIPlugin
2026-01-24 17:00:43,765 [INFO] IPUIPlugin:80 - create IPUIPlugin
2026-01-24 17:00:43,765 [INFO] IPUIPlugin:80 - create IPUIPlugin
2026-01-24 17:00:43,765 [INFO] IPUIPlugin:80 - create IPUIPlugin
2026-01-24 17:00:43,765 [INFO] IPUIPlugin:80 - create IPUIPlugin
2026-01-24 17:00:43,765 [INFO] IPUIPlugin:80 - create IPUIPlugin
2026-01-24 17:00:43,766 [INFO] IPUIPlugin:80 - create IPUIPlugin
2026-01-24 17:00:43,766 [INFO] IPUIPlugin:80 - create IPUIPlugin
2026-01-24 17:00:43,766 [INFO] IPUIPlugin:80 - create IPUIPlugin
2026-01-24 17:00:43,766 [INFO] IPUIPlugin:80 - create IPUIPlugin
2026-01-24 17:00:43,766 [INFO] IPUIPlugin:80 - create IPUIPlugin
2026-01-24 17:00:43,766 [INFO] IPUIPlugin:80 - create IPUIPlugin
2026-01-24 17:00:43,766 [INFO] IPUIPlugin:80 - create IPUIPlugin
2026-01-24 17:00:43,767 [INFO] IPUIPlugin:80 - create IPUIPlugin
2026-01-24 17:00:43,767 [INFO] IPUIPlugin:80 - create IPUIPlugin
2026-01-24 17:00:43,767 [INFO] IPUIPlugin:80 - create IPUIPlugin
2026-01-24 17:00:43,767 [INFO] IPUIPlugin:80 - create IPUIPlugin
2026-01-24 17:00:43,767 [INFO] IPUIPlugin:80 - create IPUIPlugin
2026-01-24 17:00:43,767 [INFO] IPUIPlugin:80 - create IPUIPlugin
2026-01-24 17:00:43,768 [INFO] IPUIPlugin:80 - create IPUIPlugin
2026-01-24 17:00:43,768 [INFO] IPUIPlugin:80 - create IPUIPlugin
2026-01-24 17:00:43,768 [INFO] IPUIPlugin:80 - create IPUIPlugin
2026-01-24 17:00:43,768 [INFO] IPUIPlugin:80 - create IPUIPlugin
2026-01-24 17:00:43,768 [INFO] IPUIPlugin:80 - create IPUIPlugin
2026-01-24 17:00:43,768 [INFO] IPUIPlugin:80 - create IPUIPlugin
2026-01-24 17:00:43,769 [INFO] IPUIPlugin:80 - create IPUIPlugin
2026-01-24 17:00:43,769 [INFO] IPUIPlugin:80 - create IPUIPlugin
2026-01-24 17:00:43,769 [INFO] IPUIPlugin:80 - create IPUIPlugin
2026-01-24 17:00:43,769 [INFO] IPUIPlugin:80 - create IPUIPlugin
2026-01-24 17:00:43,770 [INFO] IPUIPlugin:80 - create IPUIPlugin
2026-01-24 17:00:43,850 [WARN] IP:2250 - SERVICE2_UUID not found: check if there is a RefParameter without a condition.
2026-01-24 17:00:43,854 [WARN] IP:2250 - SERVICE3_UUID not found: check if there is a RefParameter without a condition.
2026-01-24 17:00:43,860 [WARN] IP:2250 - SERVICE4_UUID not found: check if there is a RefParameter without a condition.
2026-01-24 17:00:43,864 [WARN] IP:2250 - SERVICE5_UUID not found: check if there is a RefParameter without a condition.
2026-01-24 17:00:44,211 [INFO] CADModel:165 - CPN selected for project levelSTM32WB1MMCH6TR
2026-01-24 17:00:44,211 [INFO] CADModel:114 - Register for checkConnection events
2026-01-24 17:00:44,249 [INFO] OpenFileManager:386 - Restore cursor
2026-01-24 17:00:44,510 [WARN] IP:2250 - SERVICE2_UUID not found: check if there is a RefParameter without a condition.
2026-01-24 17:00:44,515 [WARN] IP:2250 - SERVICE3_UUID not found: check if there is a RefParameter without a condition.
2026-01-24 17:00:44,517 [WARN] IP:2250 - SERVICE4_UUID not found: check if there is a RefParameter without a condition.
2026-01-24 17:00:44,522 [WARN] IP:2250 - SERVICE5_UUID not found: check if there is a RefParameter without a condition.
2026-01-24 17:00:44,645 [WARN] IpParametersView:155 - Warning: This peripheral hasn't parameters
2026-01-24 18:23:43,382 [INFO] WebApp:194 - Connection lost
2026-01-24 18:23:43,521 [INFO] WebApp:191 - Connection restablished
2026-01-24 18:23:48,386 [ERROR] LogOutputStream:75 - [STDERR_REDIRECT] 
